size,ageYears1,ageYears2,hr,lo,hi
Toy and Small,Spayed/neutered at 0.5 years,0.5,1,1,1
Toy and Small,Spayed/neutered at 0.5 years,1,0.9809090548003528,0.918271082922624,1.0478197470042707
Toy and Small,Spayed/neutered at 0.5 years,1.5,1.0523412471294,0.9747443712561145,1.1361154093998713
Toy and Small,Spayed/neutered at 0.5 years,2,1.1540697898191643,1.0703366562371444,1.2443534209652993
Toy and Small,Spayed/neutered at 0.5 years,2.5,1.2393108690976655,1.1474612341267378,1.3385126961892388
Toy and Small,Spayed/neutered at 0.5 years,3,1.3042166885883741,1.207353893269708,1.4088505286431752
Toy and Small,Spayed/neutered at 0.5 years,3.5,1.3510559109318059,1.2523861800118141,1.457499374870579
Toy and Small,Spayed/neutered at 0.5 years,4,1.3838331522749436,1.2842435047347556,1.4911457105097254
Toy and Small,Spayed/neutered at 0.5 years,5,1.4256557407280064,1.3222840515774268,1.537108678461367
Toy and Small,Spayed/neutered at 0.5 years,6,1.4465472609918537,1.3403506705328694,1.5611578553925303
Toy and Small,Spayed/neutered at 1 years,0.5,1.0194625027735449,0.9543626209173973,1.0890030390778
Toy and Small,Spayed/neutered at 1 years,1,1,1,1
Toy and Small,Spayed/neutered at 1 years,1.5,1.0728224415703715,1.0482973283520365,1.0979213244264845
Toy and Small,Spayed/neutered at 1 years,2,1.1765308763043838,1.1245277896054335,1.2309388133335935
Toy and Small,Spayed/neutered at 1 years,2.5,1.2634309603247649,1.1917995364753415,1.3393676894924555
Toy and Small,Spayed/neutered at 1 years,3,1.32960000950733,1.249288469561788,1.41507444305637
Toy and Small,Spayed/neutered at 1 years,3.5,1.3773508403455303,1.2963304871664805,1.4634349467065377
Toy and Small,Spayed/neutered at 1 years,4,1.4107660088392182,1.332528077559208,1.4935975948376996
Toy and Small,Spayed/neutered at 1 years,5,1.4534025695360482,1.3781056150062783,1.5328136001567367
Toy and Small,Spayed/neutered at 1 years,6,1.4747006910710054,1.3998000107793789,1.5536091666654945
Toy and Small,Spayed/neutered at 1.5 years,0.5,0.9502620967559928,0.8801922689599189,1.0259100021386527
Toy and Small,Spayed/neutered at 1.5 years,1,0.9321206951415224,0.9108120752845063,0.9539278341689932
Toy and Small,Spayed/neutered at 1.5 years,1.5,1,1,1
Toy and Small,Spayed/neutered at 1.5 years,2,1.096668778276307,1.0681149953402902,1.1259858858763478
Toy and Small,Spayed/neutered at 1.5 years,2.5,1.1776701450012403,1.1303367593260492,1.226985638557991
Toy and Small,Spayed/neutered at 1.5 years,3,1.2393476851221474,1.183528924099365,1.2977990257284744
Toy and Small,Spayed/neutered at 1.5 years,3.5,1.2838572227566336,1.2262508552397244,1.3441698012941616
Toy and Small,Spayed/neutered at 1.5 years,4,1.3150041928412421,1.2577112495254346,1.3749070208623242
Toy and Small,Spayed/neutered at 1.5 years,5,1.354746613436415,1.2945501208629382,1.417742238820395
Toy and Small,Spayed/neutered at 1.5 years,6,1.3745990332867881,1.311579482021351,1.4406465854443833
Toy and Small,Spayed/neutered at 2 years,0.5,0.8664987237528277,0.8036302091927037,0.9342854831446971
Toy and Small,Spayed/neutered at 2 years,1,0.8499564441020986,0.8123880644333803,0.8892621500717852
Toy and Small,Spayed/neutered at 2 years,1.5,0.9118523475900842,0.8881105993808317,0.9362287809482636
Toy and Small,Spayed/neutered at 2 years,2,1,1,1
Toy and Small,Spayed/neutered at 2 years,2.5,1.0738612864061352,1.0578359628931844,1.0901293800674865
Toy and Small,Spayed/neutered at 2 years,3,1.1301020961589658,1.1060774637789375,1.1546485572353529
Toy and Small,Spayed/neutered at 2 years,3.5,1.1706882225411233,1.1420631915326687,1.2000307203292713
Toy and Small,Spayed/neutered at 2 years,4,1.199089660333095,1.1646972923383343,1.2344976012016555
Toy and Small,Spayed/neutered at 2 years,5,1.235328879851711,1.1872207209446917,1.2853864613998558
Toy and Small,Spayed/neutered at 2 years,6,1.2534313554975967,1.197995797972044,1.311432114873916
Toy and Small,Spayed/neutered at 2.5 years,0.5,0.806900048192181,0.7470978817362074,0.8714891364160451
Toy and Small,Spayed/neutered at 2.5 years,1,0.7914955635905503,0.746620967375242,0.8390672838801613
Toy and Small,Spayed/neutered at 2.5 years,1.5,0.8491342030233319,0.8150054642654541,0.884692098836314
Toy and Small,Spayed/neutered at 2.5 years,2,0.9312189690222236,0.9173223089704207,0.9453261517645866
Toy and Small,Spayed/neutered at 2.5 years,2.5,1,1,1
Toy and Small,Spayed/neutered at 2.5 years,3,1.0523725088750049,1.0439746783274162,1.0608378923617312
Toy and Small,Spayed/neutered at 2.5 years,3.5,1.0901670796412037,1.0735327279973759,1.1070591799753084
Toy and Small,Spayed/neutered at 2.5 years,4,1.1166150372605874,1.0896802115055924,1.1442156407646795
Toy and Small,Spayed/neutered at 2.5 years,5,1.1503616858988894,1.1054456415784977,1.1971027417454116
Toy and Small,Spayed/neutered at 2.5 years,6,1.1672190546066248,1.113666077902443,1.2233472388804583
Toy and Small,Spayed/neutered at 3 years,0.5,0.7667437541244434,0.7097985057102348,0.828257568534309
Toy and Small,Spayed/neutered at 3 years,1,0.7521058911322812,0.7066766027094199,0.8004556388411791
Toy and Small,Spayed/neutered at 3 years,1.5,0.8068760784439939,0.7705353295659046,0.844930765643074
Toy and Small,Spayed/neutered at 3 years,2,0.8848758031675529,0.8660643913974676,0.9040958095136289
Toy and Small,Spayed/neutered at 3 years,2.5,0.9502338682991713,0.9426510941965992,0.9578776389501426
Toy and Small,Spayed/neutered at 3 years,3,1,1,1
Toy and Small,Spayed/neutered at 3 years,3.5,1.035913681179871,1.026692386890869,1.0452177970320307
Toy and Small,Spayed/neutered at 3 years,4,1.061045426257154,1.040654375399011,1.08183602855613
Toy and Small,Spayed/neutered at 3 years,5,1.0931126347348443,1.0543706528824088,1.1332781588243017
Toy and Small,Spayed/neutered at 3 years,6,1.1091310774113454,1.0615803313744798,1.1588117361659183
Toy and Small,Spayed/neutered at 3.5 years,0.5,0.7401618185514713,0.6861066407584543,0.7984757544917708
Toy and Small,Spayed/neutered at 3.5 years,1,0.726031429834634,0.6833238486278473,0.7714082249086036
Toy and Small,Spayed/neutered at 3.5 years,1.5,0.7789028112120212,0.7439536277613168,0.8154938247154219
Toy and Small,Spayed/neutered at 3.5 years,2,0.8541983943678673,0.8333120003174705,0.8756082915674592
Toy and Small,Spayed/neutered at 3.5 years,2.5,0.9172905866219336,0.9032940768553166,0.9315039718122543
Toy and Small,Spayed/neutered at 3.5 years,3,0.9653313960107501,0.9567383973364884,0.974001573176459
Toy and Small,Spayed/neutered at 3.5 years,3.5,1,1,1
Toy and Small,Spayed/neutered at 3.5 years,4,1.0242604625596392,1.0133397519567129,1.0352988651013675
Toy and Small,Spayed/neutered at 3.5 years,5,1.0552159456855923,1.0263488235468297,1.0848949854896324
Toy and Small,Spayed/neutered at 3.5 years,6,1.0706790513163875,1.0329897049929582,1.1097435195983623
Toy and Small,Spayed/neutered at 4 years,0.5,0.7226304691111471,0.6706252735409507,0.7786685284474438
Toy and Small,Spayed/neutered at 4 years,1,0.7088347704257508,0.6695243775540921,0.7504532300975603
Toy and Small,Spayed/neutered at 4 years,1.5,0.7604538490781284,0.7273219096465249,0.7950950588836067
Toy and Small,Spayed/neutered at 4 years,2,0.833965993604023,0.8100461264781752,0.8585921909308507
Toy and Small,Spayed/neutered at 4 years,2.5,0.8955637947105914,0.8739611349235707,0.9177004312286421
Toy and Small,Spayed/neutered at 4 years,3,0.9424667174972025,0.9243544988371739,0.960933835132896
Toy and Small,Spayed/neutered at 4 years,3.5,0.9763141667120373,0.9659046616477153,0.9868358544792559
Toy and Small,Spayed/neutered at 4 years,4,1,1,1
Toy and Small,Spayed/neutered at 4 years,5,1.0302222767132754,1.0127204108015346,1.048026610420792
Toy and Small,Spayed/neutered at 4 years,6,1.0453191258020051,1.0188932333289171,1.0724303970470352
Toy and Small,Spayed/neutered at 5 years,0.5,0.7014316089306056,0.6505720864194141,0.7562671566726105
Toy and Small,Spayed/neutered at 5 years,1,0.6880406165232099,0.6523950465325632,0.7256337896826901
Toy and Small,Spayed/neutered at 5 years,1.5,0.7381454141180144,0.7053468342962191,0.7724691256707829
Toy and Small,Spayed/neutered at 5 years,2,0.8095010294910616,0.7779761418297074,0.8423033580514692
Toy and Small,Spayed/neutered at 5 years,2.5,0.8692918168763616,0.8353501876889614,0.9046125493534636
Toy and Small,Spayed/neutered at 5 years,3,0.9148188102706994,0.8823958992004498,0.9484330745229186
Toy and Small,Spayed/neutered at 5 years,3.5,0.9476733213600961,0.9217481999409208,0.9743276136316169
Toy and Small,Spayed/neutered at 5 years,4,0.9706643144917292,0.954174245249833,0.9874393656276099
Toy and Small,Spayed/neutered at 5 years,5,1,1,1
Toy and Small,Spayed/neutered at 5 years,6,1.0146539726717023,1.0052714737935444,1.0241240412138701
Toy and Small,Spayed/neutered at 6 years,0.5,0.6913012985931274,0.6405502150508442,0.7460734134615984
Toy and Small,Spayed/neutered at 6 years,1,0.6781037033852254,0.6436625255927758,0.7143877641801283
Toy and Small,Spayed/neutered at 6 years,1.5,0.7274848707036491,0.6941327665671307,0.7624394965822751
Toy and Small,Spayed/neutered at 6 years,2,0.7978099443690816,0.7625251727926017,0.8347274687380295
Toy and Small,Spayed/neutered at 6 years,2.5,0.856737213167771,0.8174294004334749,0.8979352247879098
Toy and Small,Spayed/neutered at 6 years,3,0.9016066904679547,0.8629529446332949,0.9419918309010598
Toy and Small,Spayed/neutered at 6 years,3.5,0.9339867056990716,0.9011091142590492,0.9680638588811655
Toy and Small,Spayed/neutered at 6 years,4,0.956645655203874,0.932461447151746,0.9814571019701549
Toy and Small,Spayed/neutered at 6 years,5,0.9855576649119928,0.9764442194079571,0.9947561689245477
Toy and Small,Spayed/neutered at 6 years,6,1,1,1
Standard,Spayed/neutered at 0.5 years,0.5,1,1,1
Standard,Spayed/neutered at 0.5 years,1,0.8611261434951487,0.790365095263551,0.9382223980470166
Standard,Spayed/neutered at 0.5 years,1.5,0.8878826639582359,0.8048121399882179,0.9795275018703303
Standard,Spayed/neutered at 0.5 years,2,0.9700931710555384,0.8786025206396975,1.071110927206768
Standard,Spayed/neutered at 0.5 years,2.5,1.0378060221487915,0.9364518103454725,1.1501300202633595
Standard,Spayed/neutered at 0.5 years,3,1.0858275099845538,0.980147096337263,1.2029024886623358
Standard,Spayed/neutered at 0.5 years,3.5,1.1170198345406306,1.010562211313111,1.2346922305118553
Standard,Spayed/neutered at 0.5 years,4,1.1358730475749568,1.0276983577873493,1.2554341168599872
Standard,Spayed/neutered at 0.5 years,5,1.15592870430434,1.0392067315018214,1.285760695086845
Standard,Spayed/neutered at 0.5 years,6,1.1628735076243442,1.041747250781894,1.2980833822403486
Standard,Spayed/neutered at 1 years,0.5,1.161270050333379,1.065845371077879,1.2652380602239846
Standard,Spayed/neutered at 1 years,1,1,1,1
Standard,Spayed/neutered at 1 years,1.5,1.0310715458649151,0.9965387740821737,1.066800971865248
Standard,Spayed/neutered at 1 years,2,1.126540145579732,1.051889227138533,1.2064889218944963
Standard,Spayed/neutered at 1 years,2.5,1.205173051577013,1.1052131697297911,1.3141737033431757
Standard,Spayed/neutered at 1 years,3,1.2609389671731324,1.1523953225331371,1.3797062933583073
Standard,Spayed/neutered at 1 years,3.5,1.2971616794803795,1.1901647845673282,1.4137776924092578
Standard,Spayed/neutered at 1 years,4,1.3190553511296996,1.2155120332392109,1.4314190001946976
Standard,Spayed/neutered at 1 years,5,1.3423453846292948,1.236843722624228,1.4568462439316687
Standard,Spayed/neutered at 1 years,6,1.3504101767303194,1.242697540901891,1.467458963581214
Standard,Spayed/neutered at 1.5 years,0.5,1.1262749466713744,1.0209003811435402,1.2425259887538966
Standard,Spayed/neutered at 1.5 years,1,0.9698648013423251,0.9373819731824485,1.0034732476124815
Standard,Spayed/neutered at 1.5 years,1.5,1,1,1
Standard,Spayed/neutered at 1.5 years,2,1.092591634496841,1.0504830155474603,1.136388177728272
Standard,Spayed/neutered at 1.5 years,2.5,1.1688549222508626,1.1014500109927647,1.2403847797310925
Standard,Spayed/neutered at 1.5 years,3,1.2229403209021652,1.1456826501092434,1.3054077657069203
Standard,Spayed/neutered at 1.5 years,3.5,1.2580714545781135,1.1782906473612043,1.3432541354451586
Standard,Spayed/neutered at 1.5 years,4,1.2793053560829357,1.1958329708628255,1.36860434022121
Standard,Spayed/neutered at 1.5 years,5,1.3018935397962812,1.2035455113477487,1.4082781024751494
Standard,Spayed/neutered at 1.5 years,6,1.3097152977851991,1.2039246395241996,1.424801939372629
Standard,Spayed/neutered at 2 years,0.5,1.030828821227471,0.9336101188023443,1.1381711029828536
Standard,Spayed/neutered at 2 years,1,0.8876736474272626,0.8288513734794548,0.9506704453284612
Standard,Spayed/neutered at 2 years,1.5,0.9152550398763751,0.8799809955776532,0.9519430444849688
Standard,Spayed/neutered at 2 years,2,1,1,1
Standard,Spayed/neutered at 2 years,2.5,1.0698003584744096,1.0473147936749618,1.092768682256547
Standard,Spayed/neutered at 2 years,3,1.1193022921737388,1.0846828706200362,1.1550266489865626
Standard,Spayed/neutered at 2 years,3.5,1.151456239327222,1.1048843905224464,1.1999911325189943
Standard,Spayed/neutered at 2 years,4,1.170890674695753,1.10779422393933,1.2375808994690696
Standard,Spayed/neutered at 2 years,5,1.1915646236810422,1.098851244695791,1.2921005088374926
Standard,Spayed/neutered at 2 years,6,1.1987235271010661,1.0939350518581044,1.3135497322120795
Standard,Spayed/neutered at 2.5 years,0.5,0.963571205656994,0.8694669145067769,1.0678606084717628
Standard,Spayed/neutered at 2.5 years,1,0.8297563563103767,0.7609344163987322,0.9048028266298036
Standard,Spayed/neutered at 2.5 years,1.5,0.85553816899218,0.8062014435688203,0.9078941304823036
Standard,Spayed/neutered at 2.5 years,2,0.9347538464336014,0.9151067524510481,0.9548227581996267
Standard,Spayed/neutered at 2.5 years,2.5,1,1,1
Standard,Spayed/neutered at 2.5 years,3,1.046272122931348,1.0314705491338088,1.0612860989027235
Standard,Spayed/neutered at 2.5 years,3.5,1.0763281487110898,1.0431546200492714,1.110556634119229
Standard,Spayed/neutered at 2.5 years,4,1.0944945619250819,1.0398955987550047,1.1519602040029422
Standard,Spayed/neutered at 2.5 years,5,1.1138196152600603,1.0263470299591413,1.2087472357058966
Standard,Spayed/neutered at 2.5 years,6,1.1205114277681982,1.019784402976334,1.23118754914735
Standard,Spayed/neutered at 3 years,0.5,0.9209565891494362,0.8313225796980688,1.0202550247171325
Standard,Spayed/neutered at 3 years,1,0.7930597959406989,0.7247919392800086,0.8677577741307128
Standard,Spayed/neutered at 3 years,1.5,0.8177013897638915,0.7660441635709649,0.8728420561353947
Standard,Spayed/neutered at 3 years,2,0.8934136979724682,0.8657808898845882,0.9219284521644293
Standard,Spayed/neutered at 3 years,2.5,0.9557742943568953,0.9422529900598077,0.9694896289959645
Standard,Spayed/neutered at 3 years,3,1,1,1
Standard,Spayed/neutered at 3 years,3.5,1.0287267768308048,1.0095750780397417,1.0482417844778036
Standard,Spayed/neutered at 3 years,4,1.0460897676014085,1.005007011351133,1.088851908017224
Standard,Spayed/neutered at 3 years,5,1.0645601568160397,0.990480410023717,1.1441804562828806
Standard,Spayed/neutered at 3 years,6,1.0709560191939749,0.9830648253070879,1.1667051505881356
Standard,Spayed/neutered at 3.5 years,0.5,0.895239250976457,0.8099184357752368,0.9895481829867886
Standard,Spayed/neutered at 3.5 years,1,0.7709139236988428,0.7073247833581758,0.8402197855009963
Standard,Spayed/neutered at 3.5 years,1.5,0.794867411036954,0.7444607640598083,0.8486870384989575
Standard,Spayed/neutered at 3.5 years,2,0.8684654838331367,0.8333394913517591,0.9050720677908649
Standard,Spayed/neutered at 3.5 years,2.5,0.9290846859273416,0.900449350602538,0.9586306581787145
Standard,Spayed/neutered at 3.5 years,3,0.9720754067282049,0.9539783805681474,0.9905157345421667
Standard,Spayed/neutered at 3.5 years,3.5,1,1,1
Standard,Spayed/neutered at 3.5 years,4,1.0168781363153507,0.9951995923163439,1.0390289064623035
Standard,Spayed/neutered at 3.5 years,5,1.0348327474236074,0.9802758007717857,1.0924260440757316
Standard,Spayed/neutered at 3.5 years,6,1.041050007945985,0.971911594259255,1.1151066881451754
Standard,Spayed/neutered at 4 years,0.5,0.8803800760436739,0.7965372189351816,0.9730481638143469
Standard,Spayed/neutered at 4 years,1,0.7581182996934541,0.6986074656435207,0.8226985604865679
Standard,Spayed/neutered at 4 years,1.5,0.7816742072134116,0.7306713639665706,0.8362371872707886
Standard,Spayed/neutered at 4 years,2,0.8540506997033197,0.8080279846182231,0.9026947228917548
Standard,Spayed/neutered at 4 years,2.5,0.9136637446979384,0.8680855436890126,0.961634996048864
Standard,Spayed/neutered at 4 years,3,0.9559409058105135,0.9183985376128684,0.9950179339103302
Standard,Spayed/neutered at 4 years,3.5,0.9834020068751713,0.9624371312294,1.0048235627513502
Standard,Spayed/neutered at 4 years,4,1,1,1
Standard,Spayed/neutered at 4 years,5,1.0176566005965166,0.9846932963912773,1.0517233747127517
Standard,Spayed/neutered at 4 years,6,1.0237706670715174,0.9749972696064451,1.0749839116771323
Standard,Spayed/neutered at 5 years,0.5,0.8651052580287113,0.7777497039855121,0.9622724427071778
Standard,Spayed/neutered at 5 years,1,0.7449647545636419,0.6864142349718708,0.8085095810473829
Standard,Spayed/neutered at 5 years,1.5,0.7681119611028094,0.710087019206241,0.8308784259268971
Standard,Spayed/neutered at 5 years,2,0.8392327030578913,0.7739336012642728,0.9100412861404574
Standard,Spayed/neutered at 5 years,2.5,0.8978114465747803,0.827302822674924,0.974329316313031
Standard,Spayed/neutered at 5 years,3,0.9393550881998715,0.8739880099409475,1.0096110835509156
Standard,Spayed/neutered at 5 years,3.5,0.9663397321834571,0.9153937746386022,1.0201210712461586
Standard,Spayed/neutered at 5 years,4,0.9826497459101952,0.9508203621252799,1.0155446408184345
Standard,Spayed/neutered at 5 years,5,1,1,1
Standard,Spayed/neutered at 5 years,6,1.0060079858681386,0.9872039072465273,1.0251702411239914
Standard,Spayed/neutered at 6 years,0.5,0.8599387581224708,0.7703665370664482,0.9599257394242604
Standard,Spayed/neutered at 6 years,1,0.7405157464239865,0.681450060831399,0.8047010371278658
Standard,Spayed/neutered at 6 years,1.5,0.763524715402695,0.7018519363051412,0.8306167738166799
Standard,Spayed/neutered at 6 years,2,0.8342207167805831,0.7612958805266954,0.9141310522059323
Standard,Spayed/neutered at 6 years,2.5,0.8924496218586281,0.8122239383370492,0.9805994258015798
Standard,Spayed/neutered at 6 years,3,0.9337451604713163,0.857114584173988,1.0172269155166058
Standard,Spayed/neutered at 6 years,3.5,0.9605686493130359,0.896775179120628,1.0289001653099454
Standard,Spayed/neutered at 6 years,4,0.9767812579163719,0.9302464800983428,1.0256438978579367
Standard,Spayed/neutered at 6 years,5,0.9940278944575635,0.9754477450531583,1.012961955133629
Standard,Spayed/neutered at 6 years,6,1,1,1
Medium,Spayed/neutered at 0.5 years,0.5,1,1,1
Medium,Spayed/neutered at 0.5 years,1,0.9986037810384658,0.8878936514387015,1.1231181908874879
Medium,Spayed/neutered at 0.5 years,1.5,1.0587445399710107,0.9271702066078322,1.208990531543853
Medium,Spayed/neutered at 0.5 years,2,1.1370392400476363,0.9880090454420714,1.3085489848219298
Medium,Spayed/neutered at 0.5 years,2.5,1.2008228303618487,1.0318418696758862,1.3974771835641666
Medium,Spayed/neutered at 0.5 years,3,1.2485809295247596,1.071992348824802,1.4542588286958906
Medium,Spayed/neutered at 0.5 years,3.5,1.2829749677595128,1.1077500284657342,1.4859171524259085
Medium,Spayed/neutered at 0.5 years,4,1.307714200120316,1.1341301631613314,1.5078661028020393
Medium,Spayed/neutered at 0.5 years,5,1.3437700157485108,1.1612922227361115,1.5549211644338021
Medium,Spayed/neutered at 0.5 years,6,1.3700663560354434,1.1793029238333,1.5916875825583663
Medium,Spayed/neutered at 1 years,0.5,1.0013981711145559,0.8903782416789101,1.1262610092770082
Medium,Spayed/neutered at 1 years,1,1,1,1
Medium,Spayed/neutered at 1 years,1.5,1.0602248460044918,1.004192481152821,1.1193837288990647
Medium,Spayed/neutered at 1 years,2,1.1386290154691872,1.01629704251099,1.2756861238768296
Medium,Spayed/neutered at 1 years,2.5,1.2025017861569613,1.0399710108303986,1.390433512715002
Medium,Spayed/neutered at 1 years,3,1.2503266593146094,1.0734186604632545,1.456390514320062
Medium,Spayed/neutered at 1 years,3.5,1.284768786300133,1.1095927511564097,1.4876005926776656
Medium,Spayed/neutered at 1 years,4,1.3095426083410193,1.140893263377546,1.5031220694420935
Medium,Spayed/neutered at 1 years,5,1.3456488361691443,1.1785266000625128,1.5364700212853266
Medium,Spayed/neutered at 1 years,6,1.3719819432395142,1.201918031761081,1.5661088384015913
Medium,Spayed/neutered at 1.5 years,0.5,0.9445149063317775,0.8271363372242652,1.0785506187247158
Medium,Spayed/neutered at 1.5 years,1,0.9431961567101055,0.8933487008816174,0.9958250223622389
Medium,Spayed/neutered at 1.5 years,1.5,1,1,1
Medium,Spayed/neutered at 1.5 years,2,1.0739505113091485,1.0064496103167362,1.1459785854338091
Medium,Spayed/neutered at 1.5 years,2.5,1.1341950631402817,1.0271880858573397,1.2523494566996451
Medium,Spayed/neutered at 1.5 years,3,1.1793032996977244,1.0567589162343882,1.3160582336354494
Medium,Spayed/neutered at 1.5 years,3.5,1.2117889814993894,1.086223599346396,1.3518694830115225
Medium,Spayed/neutered at 1.5 years,4,1.2351555552353757,1.1071144957957062,1.3780049411531932
Medium,Spayed/neutered at 1.5 years,5,1.269210810556165,1.1241690839940315,1.432966005353328
Medium,Spayed/neutered at 1.5 years,6,1.294048095939178,1.1372746421079583,1.4724327902888834
Medium,Spayed/neutered at 2 years,0.5,0.8794771233736005,0.7642052468796819,1.0121364825689054
Medium,Spayed/neutered at 2 years,1,0.878249180737711,0.7838918847537392,0.9839642921023125
Medium,Spayed/neutered at 2 years,1.5,0.9311416024012106,0.8726166550672942,0.9935917205882702
Medium,Spayed/neutered at 2 years,2,1,1,1
Medium,Spayed/neutered at 2 years,2.5,1.0560962085279837,1.0191219064656147,1.094411958560734
Medium,Spayed/neutered at 2 years,3,1.0980983641975741,1.0427929740004251,1.1563369216303296
Medium,Spayed/neutered at 2 years,3.5,1.1283471340054754,1.0582082110780122,1.2031349232504784
Medium,Spayed/neutered at 2 years,4,1.1501047229166257,1.0590514033186276,1.2489864699014679
Medium,Spayed/neutered at 2 years,5,1.1818149879262079,1.0487906352680723,1.331711610230032
Medium,Spayed/neutered at 2 years,6,1.204942017637021,1.0512939033636968,1.3810460245434266
Medium,Spayed/neutered at 2.5 years,0.5,0.832762314902579,0.7155751891773795,0.9691407466476545
Medium,Spayed/neutered at 2.5 years,1,0.8315995963680598,0.7192001565377766,0.9615652644024352
Medium,Spayed/neutered at 2.5 years,1.5,0.8816825539967246,0.7984991686228943,0.9735315408816807
Medium,Spayed/neutered at 2.5 years,2,0.9468834296771388,0.9137327056578444,0.9812368801570257
Medium,Spayed/neutered at 2.5 years,2.5,1,1,1
Medium,Spayed/neutered at 2.5 years,3,1.0397711452142537,1.01753393046707,1.062494332669478
Medium,Spayed/neutered at 2.5 years,3.5,1.068413204113473,1.0207031002206095,1.1183533923599316
Medium,Spayed/neutered at 2.5 years,4,1.089015104523165,1.0108698550366146,1.173201369069062
Medium,Spayed/neutered at 2.5 years,5,1.1190410290114117,0.9916456305771129,1.2628027452529984
Medium,Spayed/neutered at 2.5 years,6,1.1409396302222516,0.9906017519244408,1.3140934157271509
Medium,Spayed/neutered at 3 years,0.5,0.8009092373216242,0.687635502200631,0.9328424788630951
Medium,Spayed/neutered at 3 years,1,0.7997909926580061,0.6866290257780656,0.9316029586894183
Medium,Spayed/neutered at 3 years,1.5,0.8479582820266145,0.7598447959537648,0.9462896263637495
Medium,Spayed/neutered at 3 years,2,0.9106652305513099,0.8647998531345789,0.9589631162969383
Medium,Spayed/neutered at 3 years,2.5,0.9617500972235016,0.9411814908109079,0.9827682105312974
Medium,Spayed/neutered at 3 years,3,1,1,1
Medium,Spayed/neutered at 3 years,3.5,1.027546502931006,0.9998536167547145,1.056006397329223
Medium,Spayed/neutered at 3 years,4,1.0473603826530191,0.9875653781708298,1.1107758487674777
Medium,Spayed/neutered at 3 years,5,1.0762378184488022,0.9663205553948946,1.1986579767891758
Medium,Spayed/neutered at 3 years,6,1.0972988002923862,0.9638553663439782,1.2492171534929302
Medium,Spayed/neutered at 3.5 years,0.5,0.7794384342091427,0.6729850304018632,0.9027307373532899
Medium,Spayed/neutered at 3.5 years,1,0.778350167487951,0.6722234482308255,0.901231554512056
Medium,Spayed/neutered at 3.5 years,1.5,0.825226186462485,0.7397163798477997,0.9206207640873586
Medium,Spayed/neutered at 3.5 years,2,0.8862520848970822,0.8311619758308785,0.9449936123452353
Medium,Spayed/neutered at 3.5 years,2.5,0.9359674666598308,0.8941717410896531,0.9797168243966979
Medium,Spayed/neutered at 3.5 years,3,0.9731919646921755,0.9469639601891896,1.0001464046764772
Medium,Spayed/neutered at 3.5 years,3.5,1,1,1
Medium,Spayed/neutered at 3.5 years,4,1.0192827085348397,0.987214883902004,1.0523921963288076
Medium,Spayed/neutered at 3.5 years,5,1.04738599701222,0.9652139811910794,1.136553601703486
Medium,Spayed/neutered at 3.5 years,6,1.0678823753109015,0.9616914605568009,1.1857989950741574
Medium,Spayed/neutered at 4 years,0.5,0.7646930804207794,0.6631888588394678,0.8817330077991663
Medium,Spayed/neutered at 4 years,1,0.7636254014421415,0.6652819623433279,0.8765061834439798
Medium,Spayed/neutered at 4 years,1.5,0.8096146236491131,0.7256868028086626,0.9032489447094442
Medium,Spayed/neutered at 4 years,2,0.869486039031328,0.8006491856384077,0.9442412302806219
Medium,Spayed/neutered at 4 years,2.5,0.9182609091890042,0.8523685927791769,0.9892470282079776
Medium,Spayed/neutered at 4 years,3,0.9547811971529296,0.9002716444632866,1.012591188496504
Medium,Spayed/neutered at 4 years,3.5,0.981082080198773,0.9502160919554764,1.0129506922013396
Medium,Spayed/neutered at 4 years,4,1,1,1
Medium,Spayed/neutered at 4 years,5,1.02757163271981,0.9773858307578038,1.0803343236025578
Medium,Spayed/neutered at 4 years,6,1.0476802621776433,0.9726439385810984,1.12850539464406
Medium,Spayed/neutered at 5 years,0.5,0.7441749616975767,0.6431194216615688,0.8611097021246795
Medium,Spayed/neutered at 5 years,1,0.7431359305053512,0.6508425066201128,0.8485171229456822
Medium,Spayed/neutered at 5 years,1.5,0.7878911774804396,0.6978532611828631,0.8895459003792611
Medium,Spayed/neutered at 5 years,2,0.8461561329110845,0.7509133301220269,0.9534791467168264
Medium,Spayed/neutered at 5 years,2.5,0.893622283790099,0.7918893142726366,1.0084247529210864
Medium,Spayed/neutered at 5 years,3,0.9291626654054166,0.834266337323915,1.034853283847762
Medium,Spayed/neutered at 5 years,3.5,0.9547578474913799,0.8798529154288746,1.0360396963645246
Medium,Spayed/neutered at 5 years,4,0.9731681647859113,0.9256393860238843,1.0231374023753368
Medium,Spayed/neutered at 5 years,5,1,1,1
Medium,Spayed/neutered at 5 years,6,1.0195690780258364,0.9924624808949971,1.047416023151847
Medium,Spayed/neutered at 6 years,0.5,0.729891654951441,0.6282639953706686,0.8479585522857185
Medium,Spayed/neutered at 6 years,1,0.7288725663829124,0.6385252260121489,0.8320034923968771
Medium,Spayed/neutered at 6 years,1.5,0.7727688044502182,0.6791481462483631,0.8792950822736034
Medium,Spayed/neutered at 6 years,2,0.8299154526630856,0.7240888299364242,0.9512087883325699
Medium,Spayed/neutered at 6 years,2.5,0.8764705629562566,0.7609809074696963,1.0094874131378238
Medium,Spayed/neutered at 6 years,3,0.911328800991617,0.8005013357396707,1.0375000595713055
Medium,Spayed/neutered at 6 years,3.5,0.936432722479254,0.8433132463039928,1.0398345425891784
Medium,Spayed/neutered at 6 years,4,0.9544896817292922,0.8861277976570138,1.0281254633209445
Medium,Spayed/neutered at 6 years,5,0.9808065206687835,0.9547304775716868,1.0075947647897032
Medium,Spayed/neutered at 6 years,6,1,1,1
Large,Spayed/neutered at 0.5 years,0.5,1,1,1
Large,Spayed/neutered at 0.5 years,1,0.613660983181496,0.5625854963083372,0.6693734636786433
Large,Spayed/neutered at 0.5 years,1.5,0.6205408196647705,0.5616658998040633,0.6855871239549292
Large,Spayed/neutered at 0.5 years,2,0.7372088294327955,0.6672493778050989,0.8145033570228676
Large,Spayed/neutered at 0.5 years,2.5,0.8275154547375008,0.7464287026446536,0.9174108999334815
Large,Spayed/neutered at 0.5 years,3,0.8771594876873793,0.791280201013318,0.9723594320376984
Large,Spayed/neutered at 0.5 years,3.5,0.8935264851628885,0.807705933350427,0.9884656614762796
Large,Spayed/neutered at 0.5 years,4,0.8901685663791812,0.8050537907455446,0.9842821506818078
Large,Spayed/neutered at 0.5 years,5,0.8784144270179493,0.7905534852905669,0.9760401034847973
Large,Spayed/neutered at 0.5 years,6,0.8812568063591426,0.7907490083179355,0.982123974339609
Large,Spayed/neutered at 1 years,0.5,1.6295642503056784,1.493934334510885,1.7775076082870225
Large,Spayed/neutered at 1 years,1,1,1,1
Large,Spayed/neutered at 1 years,1.5,1.0112111355810924,0.9779872905400948,1.045563649562868
Large,Spayed/neutered at 1 years,2,1.2013291534533799,1.1233897865429323,1.2846758553664845
Large,Spayed/neutered at 1 years,2.5,1.3484896016156802,1.2381683751671206,1.4686404871390581
Large,Spayed/neutered at 1 years,3,1.4293877429517972,1.3069863859853172,1.5632521819732144
Large,Spayed/neutered at 1 years,3.5,1.456058816922725,1.3357974798148664,1.5871472362953103
Large,Spayed/neutered at 1 years,4,1.4505868725173916,1.3366275852101106,1.5742621938997452
Large,Spayed/neutered at 1 years,5,1.4314327472211965,1.3206697204529818,1.5514853396611736
Large,Spayed/neutered at 1 years,6,1.4360645869815145,1.3243067318452613,1.5572536546037548
Large,Spayed/neutered at 1.5 years,0.5,1.6114975329749002,1.458603822999658,1.7804178611321233
Large,Spayed/neutered at 1.5 years,1,0.9889131604799328,0.9564219265064184,1.0225081753851306
Large,Spayed/neutered at 1.5 years,1.5,1,1,1
Large,Spayed/neutered at 1.5 years,2,1.1880102099182648,1.1428956467838753,1.234905621385163
Large,Spayed/neutered at 1.5 years,2.5,1.3335391138080868,1.2570844657176656,1.4146436588418234
Large,Spayed/neutered at 1.5 years,3,1.413540350433737,1.3240536216021095,1.5090750780067566
Large,Spayed/neutered at 1.5 years,3.5,1.4399157264877214,1.3484141970545158,1.537626423628375
Large,Spayed/neutered at 1.5 years,4,1.4345044486518623,1.3420470259427448,1.5333315252171904
Large,Spayed/neutered at 1.5 years,5,1.4155626820689837,1.3130741814856526,1.5260506490190473
Large,Spayed/neutered at 1.5 years,6,1.4201431693651763,1.311160398983911,1.5381845143107586
Large,Spayed/neutered at 2 years,0.5,1.3564677470960222,1.2277420238697978,1.4986900449266458
Large,Spayed/neutered at 2 years,1,0.8324113313369342,0.7784064718136436,0.8901629799193329
Large,Spayed/neutered at 2 years,1.5,0.8417436076317898,0.8097784824060683,0.8749705214242562
Large,Spayed/neutered at 2 years,2,1,1,1
Large,Spayed/neutered at 2 years,2.5,1.1224980245749165,1.098830647621066,1.1466751659161074
Large,Spayed/neutered at 2 years,3,1.1898385541071979,1.1531860033842478,1.2276560595473887
Large,Spayed/neutered at 2 years,3.5,1.2120398582995302,1.1647560553830107,1.2612431687454722
Large,Spayed/neutered at 2 years,4,1.207484949772084,1.1464497022096902,1.2717696215681118
Large,Spayed/neutered at 2 years,5,1.1915408388336755,1.10567091471775,1.2840796946991144
Large,Spayed/neutered at 2 years,6,1.1953964347350672,1.0985407241518095,1.300791681874724
Large,Spayed/neutered at 2.5 years,0.5,1.2084366452312527,1.0900241103223287,1.3397126831496753
Large,Spayed/neutered at 2.5 years,1,0.7415704198251579,0.6809018331967823,0.8076445983083891
Large,Spayed/neutered at 2.5 years,1.5,0.7498842663447461,0.7068917983336563,0.7954914942243783
Large,Spayed/neutered at 2.5 years,2,0.8908701646746275,0.8720865592315109,0.9100583444454963
Large,Spayed/neutered at 2.5 years,2.5,1,1,1
Large,Spayed/neutered at 2.5 years,3,1.059991668633701,1.0457456104926006,1.074431798995161
Large,Spayed/neutered at 2.5 years,3.5,1.0797701481555155,1.0489988585414314,1.1114440815206432
Large,Spayed/neutered at 2.5 years,4,1.0757123160455735,1.0263667548992843,1.1274303082874908
Large,Spayed/neutered at 2.5 years,5,1.0615081833083269,0.984567881937082,1.1444610817627214
Large,Spayed/neutered at 2.5 years,6,1.0649430186638902,0.9762672047762813,1.1616733896749578
Large,Spayed/neutered at 3 years,0.5,1.140043531463689,1.0284262866709457,1.2637748280816254
Large,Spayed/neutered at 3 years,1,0.699600234387712,0.6396920545076422,0.7651189107422226
Large,Spayed/neutered at 3 years,1.5,0.7074435474679981,0.6626575540037662,0.755256421405348
Large,Spayed/neutered at 3 years,2,0.8404501573327784,0.8145603910990178,0.8671627968647784
Large,Spayed/neutered at 3 years,2.5,0.9434036413597207,0.9307245010201933,0.9562555079996444
Large,Spayed/neutered at 3 years,3,1,1,1
Large,Spayed/neutered at 3 years,3.5,1.0186590896014367,1.0012663016197318,1.0363540040736536
Large,Spayed/neutered at 3 years,4,1.0148309160129054,0.9781704740189808,1.052865339376016
Large,Spayed/neutered at 3 years,5,1.0014306854661845,0.9369180443560383,1.0703854236072052
Large,Spayed/neutered at 3 years,6,1.0046711216481476,0.9280763074135686,1.0875873617404554
Large,Spayed/neutered at 3.5 years,0.5,1.1191610059747714,1.0116689319348675,1.2380743519512383
Large,Spayed/neutered at 3.5 years,1,0.6867854432648728,0.6300612678721487,0.7486164745112366
Large,Spayed/neutered at 3.5 years,1.5,0.6944850879844372,0.6503530276491186,0.7416118891245777
Large,Spayed/neutered at 3.5 years,2,0.8250553751614916,0.792868516381877,0.8585488741427204
Large,Spayed/neutered at 3.5 years,2.5,0.9261230287836901,0.8997303747677806,0.9532898838330852
Large,Spayed/neutered at 3.5 years,3,0.9816826946405227,0.9649212489836919,0.9987352998720885
Large,Spayed/neutered at 3.5 years,3.5,1,1,1
Large,Spayed/neutered at 3.5 years,4,0.9962419482360567,0.9766454667811454,1.016231634900509
Large,Spayed/neutered at 3.5 years,5,0.9830871738041732,0.9349685555597387,1.0336822404895583
Large,Spayed/neutered at 3.5 years,6,0.9862682539270391,0.925332614929839,1.0512166684820083
Large,Spayed/neutered at 4 years,0.5,1.123382736449081,1.015968845221164,1.2421530231836055
Large,Spayed/neutered at 4 years,1,0.6893761545384526,0.6352182018185998,0.7481515502635728
Large,Spayed/neutered at 4 years,1.5,0.6971048440733616,0.6521746820918939,0.7451303722367941
Large,Spayed/neutered at 4 years,2,0.8281676721426239,0.7863059339056899,0.8722580659863052
Large,Spayed/neutered at 4 years,2.5,0.9296165759969176,0.8869727846140211,0.9743105914397319
Large,Spayed/neutered at 4 years,3,0.9853858255805081,0.9497890780530901,1.0223166887171813
Large,Spayed/neutered at 4 years,3.5,1.0037722279920025,0.9840276228931822,1.0239130104149534
Large,Spayed/neutered at 4 years,4,1,1,1
Large,Spayed/neutered at 4 years,5,0.986795602759768,0.95707308630405,1.017441170962633
Large,Spayed/neutered at 4 years,6,0.9899886826421831,0.9462096182160153,1.035793309317067
Large,Spayed/neutered at 5 years,0.5,1.1384148179291758,1.0245480656272807,1.2649365521833749
Large,Spayed/neutered at 5 years,1,0.6986007564388018,0.6445436346942139,0.7571915858394981
Large,Spayed/neutered at 5 years,1.5,0.7064328642362923,0.6552862453436947,0.7615715959539843
Large,Spayed/neutered at 5 years,2,0.8392494553345208,0.7787678631849405,0.9044282405269519
Large,Spayed/neutered at 5 years,2.5,0.9420558557385506,0.8737737053144528,1.0156740010983867
Large,Spayed/neutered at 5 years,3,0.9985713584704881,0.9342429165655061,1.0673292141441455
Large,Spayed/neutered at 5 years,3.5,1.017203790921593,0.9674152856939806,1.0695546861480587
Large,Spayed/neutered at 5 years,4,1.0133810864208388,0.9828578089226218,1.0448522838122236
Large,Spayed/neutered at 5 years,5,1,1,1
Large,Spayed/neutered at 5 years,6,1.0032358067602472,0.98628728546578,1.0204755742040892
Large,Spayed/neutered at 6 years,0.5,1.1347430088301247,1.0182013942510781,1.2646237800881708
Large,Spayed/neutered at 6 years,1,0.6963475104569739,0.642156142670573,0.7551120718133184
Large,Spayed/neutered at 6 years,1.5,0.7041543568082744,0.6501170637828763,0.7626831932805126
Large,Spayed/neutered at 6 years,2,0.8365425652466729,0.7687626035237113,0.9102985242282271
Large,Spayed/neutered at 6 years,2.5,0.9390173769622251,0.8608271557979005,1.024309733142329
Large,Spayed/neutered at 6 years,3,0.9953505962822096,0.9194663667291147,1.0774976066212418
Large,Spayed/neutered at 6 years,3.5,1.0139229322431145,0.9512786754456938,1.0806924816713852
Large,Spayed/neutered at 6 years,4,1.0101125573790375,0.9654435793366277,1.05684827204082
Large,Spayed/neutered at 6 years,5,0.9967746299140811,0.9799352628111077,1.0139033674430307
Large,Spayed/neutered at 6 years,6,1,1,1
Giant,Spayed/neutered at 0.5 years,0.5,1,1,1
Giant,Spayed/neutered at 0.5 years,1,0.8455637080680746,0.7268769274035696,0.9836300444364895
Giant,Spayed/neutered at 0.5 years,1.5,0.9402532943034322,0.7922870290994656,1.115853503815809
Giant,Spayed/neutered at 0.5 years,2,1.1223431720319879,0.9463094694393563,1.3311228900130414
Giant,Spayed/neutered at 0.5 years,2.5,1.2641316878842472,1.0600379271994054,1.5075205172469912
Giant,Spayed/neutered at 0.5 years,3,1.3478054471779624,1.1307054017161355,1.606589586187049
Giant,Spayed/neutered at 0.5 years,3.5,1.379719791100996,1.1595621610675517,1.6416771483843526
Giant,Spayed/neutered at 0.5 years,4,1.3754472368733859,1.1519691831475416,1.6422792632815837
Giant,Spayed/neutered at 0.5 years,5,1.3269230938271652,1.0944574599531038,1.6087650377999168
Giant,Spayed/neutered at 0.5 years,6,1.2601063889648187,1.033651965779862,1.5361728745051557
Giant,Spayed/neutered at 1 years,0.5,1.1826429995260535,1.0166423907607343,1.375748716597782
Giant,Spayed/neutered at 1 years,1,1,1,1
Giant,Spayed/neutered at 1 years,1.5,1.111983976289264,1.0483645005739484,1.1794641680895632
Giant,Spayed/neutered at 1 years,2,1.3273312954694951,1.1779827841321922,1.4956146996924358
Giant,Spayed/neutered at 1 years,2.5,1.4950164911553623,1.286519934554426,1.7373025079479925
Giant,Spayed/neutered at 1 years,3,1.5939726768281015,1.3641730316106504,1.8624828636838937
Giant,Spayed/neutered at 1 years,3.5,1.6317159522531366,1.4048589437283514,1.895205892892967
Giant,Spayed/neutered at 1 years,4,1.626663045905767,1.4075245583109344,1.8799193586296885
Giant,Spayed/neutered at 1 years,5,1.5692763078241363,1.352487735875042,1.8208136495262672
Giant,Spayed/neutered at 1 years,6,1.4902559995673481,1.2812721293279141,1.7333265068455213
Giant,Spayed/neutered at 1.5 years,0.5,1.063543202729037,0.8961749876487973,1.2621688394124368
Giant,Spayed/neutered at 1.5 years,1,0.8992935341901607,0.8478426280806391,0.9538667128203309
Giant,Spayed/neutered at 1.5 years,1.5,1,1,1
Giant,Spayed/neutered at 1.5 years,2,1.1936604517439668,1.1141561615664033,1.2788380329508162
Giant,Spayed/neutered at 1.5 years,2.5,1.3444586640036775,1.2121498496840029,1.4912092755576147
Giant,Spayed/neutered at 1.5 years,3,1.433449321947292,1.2790202111332571,1.6065242290194508
Giant,Spayed/neutered at 1.5 years,3.5,1.4673916054961857,1.3059700634304439,1.6487653003505127
Giant,Spayed/neutered at 1.5 years,4,1.462847559489124,1.2927634762158693,1.6553089731210475
Giant,Spayed/neutered at 1.5 years,5,1.4112400369840594,1.219610133698225,1.6329795784392538
Giant,Spayed/neutered at 1.5 years,6,1.3401775846990067,1.1488539381580827,1.5633631908067
Giant,Spayed/neutered at 2 years,0.5,0.8909930802978139,0.7512454390970639,1.0567367571545625
Giant,Spayed/neutered at 2 years,1,0.7533914128396155,0.66862140376505,0.8489088410037245
Giant,Spayed/neutered at 2 years,1.5,0.8377591789515818,0.7819598527990133,0.8975402501872718
Giant,Spayed/neutered at 2 years,2,1,1,1
Giant,Spayed/neutered at 2 years,2.5,1.1263325864900604,1.085180524695693,1.1690452109294334
Giant,Spayed/neutered at 2 years,3,1.2008853270232667,1.134410144877376,1.271255881456935
Giant,Spayed/neutered at 2 years,3.5,1.229320786620932,1.1366194779510577,1.329582701804957
Giant,Spayed/neutered at 2 years,4,1.2255139703689397,1.101369394701449,1.3636519216847878
Giant,Spayed/neutered at 2 years,5,1.1822792946873655,1.0152146317623865,1.376836273744338
Giant,Spayed/neutered at 2 years,6,1.1227460730067254,0.950031523346301,1.3268599130394647
Giant,Spayed/neutered at 2.5 years,0.5,0.7910568254749477,0.6633408889360811,0.9433624725503699
Giant,Spayed/neutered at 2.5 years,1,0.6688889426411551,0.5756049941936398,0.7772907151620161
Giant,Spayed/neutered at 2.5 years,1.5,0.7437937861340338,0.6705966871256654,0.8249805090193193
Giant,Spayed/neutered at 2.5 years,2,0.887837226761107,0.8553989107101886,0.9215056640280387
Giant,Spayed/neutered at 2.5 years,2.5,1,1,1
Giant,Spayed/neutered at 2.5 years,3,1.0661906984024412,1.037232868557275,1.0959569830649987
Giant,Spayed/neutered at 2.5 years,3.5,1.0914367579933093,1.026794746778543,1.1601483163371389
Giant,Spayed/neutered at 2.5 years,4,1.0880569248093428,0.9859530123836368,1.2007345753358458
Giant,Spayed/neutered at 2.5 years,5,1.0496715702523112,0.9014852137677575,1.2222168356937726
Giant,Spayed/neutered at 2.5 years,6,0.9968157598152358,0.8405550384863054,1.182125635467492
Giant,Spayed/neutered at 3 years,0.5,0.7419468455879904,0.622436500645644,0.8844036638387359
Giant,Spayed/neutered at 3 years,1,0.6273633259447915,0.5369176917000205,0.733044838761635
Giant,Spayed/neutered at 3 years,1.5,0.6976179657621479,0.6224618228200358,0.7818484737735025
Giant,Spayed/neutered at 3 years,2,0.8327189761563515,0.7866236959737329,0.8815153888703057
Giant,Spayed/neutered at 3 years,2.5,0.9379185182335392,0.9124445716868911,0.964103655325671
Giant,Spayed/neutered at 3 years,3,1,1,1
Giant,Spayed/neutered at 3 years,3.5,1.0236787468027013,0.9872536326306459,1.0614477800028508
Giant,Spayed/neutered at 3 years,4,1.020508738670927,0.9458257119036422,1.101088786862907
Giant,Spayed/neutered at 3 years,5,0.9845064038029064,0.8623890830619204,1.1239159657350835
Giant,Spayed/neutered at 3 years,6,0.9349319603977396,0.8015366649767963,1.0905274939587009
Giant,Spayed/neutered at 3.5 years,0.5,0.724784848669899,0.609133166642506,0.8623944740309128
Giant,Spayed/neutered at 3.5 years,1,0.61285176419288,0.5276471563063442,0.711815235589491
Giant,Spayed/neutered at 3.5 years,1.5,0.6814813416230895,0.6065144625420058,0.7657143360340588
Giant,Spayed/neutered at 3.5 years,2,0.8134573260968991,0.7521156815912718,0.8798019208703545
Giant,Spayed/neutered at 3.5 years,2.5,0.9162234941020102,0.8619587564090384,0.9739044761744169
Giant,Spayed/neutered at 3.5 years,3,0.9768689670693484,0.9421094648644084,1.012910934888525
Giant,Spayed/neutered at 3.5 years,3.5,1,1,1
Giant,Spayed/neutered at 3.5 years,4,0.9969033174307096,0.9575565737861244,1.0378668493443277
Giant,Spayed/neutered at 3.5 years,5,0.9617337537561158,0.8718066143222024,1.0609369072439645
Giant,Spayed/neutered at 3.5 years,6,0.9133060184338421,0.807048825307016,1.0335531843320136
Giant,Spayed/neutered at 4 years,0.5,0.7270362491498851,0.608909837905285,0.8680787773052104
Giant,Spayed/neutered at 4 years,1,0.61475546673108,0.5319377107371884,0.7104671773542806
Giant,Spayed/neutered at 4 years,1.5,0.6835982283411909,0.6041168242533735,0.773536705203928
Giant,Spayed/neutered at 4 years,2,0.8159841700531174,0.7333249666560826,0.9079605850778817
Giant,Spayed/neutered at 4 years,2.5,0.9190695607908815,0.8328235236503452,1.0142471166880491
Giant,Spayed/neutered at 4 years,3,0.9799034169000483,0.9081919750078309,1.0572772419004368
Giant,Spayed/neutered at 4 years,3.5,1.0031063017999293,0.9635147327730431,1.0443247191610379
Giant,Spayed/neutered at 4 years,4,1,1,1
Giant,Spayed/neutered at 4 years,5,0.9647211890464579,0.9093859116797869,1.0234235659930975
Giant,Spayed/neutered at 4 years,6,0.9161430225628175,0.837188551689849,1.002543615887231
Giant,Spayed/neutered at 5 years,0.5,0.7536231788051556,0.6215948112395334,0.9136947177854211
Giant,Spayed/neutered at 5 years,1,0.6372364095565424,0.5492050217550689,0.739378238689176
Giant,Spayed/neutered at 5 years,1.5,0.7085966765349752,0.6123775295192398,0.8199341513895912
Giant,Spayed/neutered at 5 years,2,0.8458238290170121,0.7263027703943888,0.9850133840801977
Giant,Spayed/neutered at 5 years,2.5,0.9526789410516553,0.8181854240555976,1.1092805347527555
Giant,Spayed/neutered at 5 years,3,1.0157374255131766,0.8897462359171686,1.1595694097257014
Giant,Spayed/neutered at 5 years,3.5,1.0397888148299181,0.9425631186662526,1.1470433735782828
Giant,Spayed/neutered at 5 years,4,1.0365689189312948,0.9771125399380775,1.09964316266219
Giant,Spayed/neutered at 5 years,5,1,1,1
Giant,Spayed/neutered at 5 years,6,0.9496453824843835,0.910597026515895,0.9903682158116173
Giant,Spayed/neutered at 6 years,0.5,0.7935837868590627,0.6509684011456901,0.9674436203926025
Giant,Spayed/neutered at 6 years,1,0.6710256494792307,0.5769253490618446,0.780474324782625
Giant,Spayed/neutered at 6 years,1.5,0.7461697699000033,0.6396466322607973,0.8704326692767098
Giant,Spayed/neutered at 6 years,2,0.8906733446165523,0.7536590639092261,1.0525966511907885
Giant,Spayed/neutered at 6 years,2.5,1.003194411959693,0.8459337738704337,1.1896900907296057
Giant,Spayed/neutered at 6 years,3,1.0695965507207381,0.9169874263049719,1.2476035641226082
Giant,Spayed/neutered at 6 years,3.5,1.0949232566263198,0.9675360834443183,1.2390824057262977
Giant,Spayed/neutered at 6 years,4,1.0915326268627807,0.9974628376791568,1.1944740500589972
Giant,Spayed/neutered at 6 years,5,1.0530246536700711,1.0097254576980637,1.0981806121486872
Giant,Spayed/neutered at 6 years,6,1,1,1
