"size","sex","age","wt_pctl","weight","hr","lo","hi","e_val","e_val_lo"
"Toy and Small","Female",0.5,25,5.35,2.21146506069384,1.64963981316987,2.96463365858763,2.84671862643118,2.17768551797587
"Medium","Female",0.5,25,16.175,1.70841084009444,1.12161557575119,2.60219959641468,2.25285706197447,1.38219475611947
"Standard","Female",0.5,25,29.4,1.93109498612202,1.44830186677666,2.57482775584978,2.52542568728822,1.90663258285845
"Large","Female",0.5,25,35.1,1.97619879630188,1.44549955667381,2.70173841595047,2.5785967671206,1.9026810821319
"Giant","Female",0.5,25,48.4,1.23767556398047,0.782162191478717,1.95846950717262,1.58877453758474,1
"Toy and Small","Male",0.5,25,6.2,4.9962303689608,3.72843056794174,6.69512746579225,5.35647511391867,4.32670942495986
"Medium","Male",0.5,25,17.9,3.80114248384272,2.5013103846548,5.77644592654903,4.38985624312232,3.15900827815194
"Standard","Male",0.5,25,34.2,4.22337797749299,3.16799590057128,5.63034868118241,4.7459213386495,3.81949812635611
"Large","Male",0.5,25,41.1,4.3561156387865,3.21685352137459,5.89885219590968,4.85436037508643,3.86527440661289
"Giant","Male",0.5,25,55.775,2.81665322825149,1.80066940814015,4.40588115306173,3.48031476929525,2.36796669067229
"Toy and Small","Female",1,25,5.8,2.75504117363035,2.12197505696334,3.57697506551306,3.41888553087503,2.74644475396723
"Medium","Female",1,25,18.6,2.04034373839157,1.35772031201196,3.06617094401766,2.6531790866903,1.77568336533479
"Standard","Female",1,25,37.6,2.22987991428053,1.69047627276576,2.94139853496822,2.86711071386579,2.23007889302037
"Large","Female",1,25,43,2.34680941424379,1.7035207971899,3.23301860233724,2.99478292661216,2.24665998266398
"Giant","Female",1,25,63.2,1.52931626567689,0.988086412550462,2.36700779482125,2.01854283149747,1
"Toy and Small","Male",1,25,7,6.16202099015134,4.72677793352852,8.03306252526249,6.19608156719874,5.14911759209342
"Medium","Male",1,25,21.4,4.46002724547882,2.9743143557587,6.68787513730683,4.93816114638806,3.63477461320524
"Standard","Male",1,25,46,4.89477377992463,3.74528854146066,6.39705328212009,5.27904910491334,4.34140030812154
"Large","Male",1,25,54,5.22385217613866,3.90881206465532,6.98131071711041,5.52744830123189,4.48233939143078
"Giant","Male",1,25,78.8,3.56569923903408,2.38999677207693,5.31976076779363,4.1832831960413,3.04118139723582
"Toy and Small","Female",1.5,25,6,3.03326807653574,2.34947353468354,3.91607527742173,3.69156795335491,2.99765659818482
"Medium","Female",1.5,25,19.4,2.22108772677158,1.48504869496448,3.32193193848997,2.85738450755529,1.95793132726077
"Standard","Female",1.5,25,39.8,2.42699819969712,1.8393698978167,3.20235764884745,3.08062460400903,2.41529557539715
"Large","Female",1.5,25,48,2.53870182188259,1.84650957861929,3.49037287163666,3.19804163958877,2.42396910819007
"Giant","Female",1.5,25,69.8,1.6974402176944,1.11229661815063,2.59040910997019,2.23893996347673,1.36361610403666
"Toy and Small","Male",1.5,25,7.2,6.7844319417696,5.25256867838966,8.76304901292887,6.61168997867763,5.54875740380998
"Medium","Male",1.5,25,22.85,4.80603013539768,3.23478685090056,7.14047840769482,5.21068574053642,3.88199686271059
"Standard","Male",1.5,25,48.85,5.36033242277004,4.13385617681771,6.95069263505893,5.62821838880956,4.67187619296504
"Large","Male",1.5,25,58.45,5.75405898952765,4.33718292693483,7.63380180470341,5.91203778633689,4.83899004120577
"Giant","Male",1.5,25,84.4,3.96001940052487,2.68537702406322,5.83968415310466,4.52590699235741,3.34866713760696
"Toy and Small","Female",2,25,6.2,3.14021588787503,2.41456576339867,4.08394584729918,3.79332621071114,3.06740308092828
"Medium","Female",2,25,20.2,2.27471812023092,1.51895637598493,3.40651160778181,2.91643239836096,2.00446737245789
"Standard","Female",2,25,42,2.48993125463883,1.86892600538835,3.31728363506775,3.14707616972827,2.45108744287733
"Large","Female",2,25,53,2.60642515117386,1.89493036632955,3.58506686545452,3.26807163616428,2.48233473599191
"Giant","Female",2,25,76.4,1.77352864687716,1.1721370114098,2.68347798139295,2.33444778913567,1.47673433817609
"Toy and Small","Male",2,25,7.4,7.02379330050876,5.43290860038219,9.08052683323281,6.76629080474815,5.68129142518853
"Medium","Male",2,25,24.3,4.87773080474998,3.29370424040686,7.22355623547665,5.26596686887654,3.93663964092492
"Standard","Male",2,25,51.7,5.53576643497109,4.2501529638205,7.21026049730825,5.75591310859617,4.76792330070086
"Large","Male",2,25,62.9,5.98330561563458,4.51541979683412,7.92837603165594,6.07285005992783,4.98245356910873
"Giant","Male",2,25,90,4.13538029705328,2.8128703151097,6.07968668494749,4.67314310408336,3.47656086635987
"Toy and Small","Female",2.5,25,6.2,3.22234473478977,2.44552898725295,4.24591392862249,3.87039936797795,3.10027340077742
"Medium","Female",2.5,25,20.4,2.32476365715341,1.53801331645111,3.51396571395882,2.97094434717726,2.03030961677253
"Standard","Female",2.5,25,42.9,2.54130689928634,1.87579204410893,3.44294069091664,3.20075121239949,2.45935960678153
"Large","Female",2.5,25,53.05,2.67432340504371,1.91491310216305,3.73489829208742,3.3374493608294,2.50619617246842
"Giant","Female",2.5,25,77.2,1.82067174595955,1.18964373047183,2.7864187585141,2.39249560385806,1.50761923179125
"Toy and Small","Male",2.5,25,7.5,7.18685002624844,5.51176227184265,9.37101615642064,6.87005199525005,5.73856019565756
"Medium","Male",2.5,25,24.35,5.00102920941473,3.35091437172538,7.4637219513734,5.36011834299588,3.98927219383077
"Standard","Male",2.5,25,52.3,5.67263505715213,4.28816571697838,7.50409163624997,5.85415264772425,4.79904756032175
"Large","Male",2.5,25,63.75,6.14023726365034,4.57670825866643,8.23791063861825,6.1811580735878,5.03115936760639
"Giant","Male",2.5,25,91,4.24574724868607,2.85719682273055,6.3091102287094,4.76430747593124,3.52040395296028
"Toy and Small","Female",3,25,6.2,3.27523046661018,2.50248622804869,4.28659086678611,3.91955470126347,3.16023983376748
"Medium","Female",3,25,20.6,2.35343244417749,1.55929735484502,3.5520128679098,3.00192409355513,2.05892147475244
"Standard","Female",3,25,43.8,2.57006701287982,1.89839597276832,3.47938182836586,3.23058049254011,2.48648226994626
"Large","Female",3,25,53.1,2.71794257456161,1.95085385056291,3.78665569257433,3.38159413590603,2.54879501999758
"Giant","Female",3,25,78,1.85132415799315,1.21013848188464,2.8322387803347,2.42980805674322,1.54283160340519
"Toy and Small","Male",3,25,7.6,7.28389248406168,5.64186021230416,9.4038291845062,6.93122524860335,5.83216694777165
"Medium","Male",3,25,24.4,5.07877706891658,3.41097989184733,7.56204297111331,5.41890863196809,4.04409002445034
"Standard","Male",3,25,52.9,5.75832722725746,4.36222974314714,7.60123478325843,5.91506083205794,4.85931728012864
"Large","Male",3,25,64.6,6.24197216311089,4.6807646454019,8.32389992590749,6.25062695515159,5.11314355073889
"Giant","Male",3,25,92,4.31767739778136,2.90847400280195,6.40966296874321,4.823121377694,3.57073664676108
"Toy and Small","Female",3.5,25,6.35,3.28831470070537,2.54847701056785,4.24293157287131,3.93165982400081,3.20820234035636
"Medium","Female",3.5,25,20.8,2.36361732641222,1.5725393112433,3.55265323147886,3.01288748763246,2.0765943344023
"Standard","Female",3.5,25,43,2.60306339493261,1.93004036016674,3.51077582515047,3.26461523409423,2.52417494691663
"Large","Female",3.5,25,53.6,2.73797994041143,1.98348819776402,3.77947000770975,3.40176431438541,2.58713237597988
"Giant","Female",3.5,25,79.175,1.86791162300133,1.22648653764628,2.84478771209288,2.44986397922108,1.57028074875702
"Toy and Small","Male",3.5,25,7.7,7.32364769954899,5.75966378840988,9.31231710695338,6.95616337599414,5.91600724256871
"Medium","Male",3.5,25,24.8,5.08669856090784,3.43347502773579,7.53595178078368,5.42487393209308,4.0645056042363
"Standard","Male",3.5,25,53,5.80518185104141,4.42525197898289,7.61541636130884,5.9481731515369,4.91022054762621
"Large","Male",3.5,25,64.575,6.294010799856,4.76789760884775,8.30860374920626,6.2859396944046,5.18112349825298
"Giant","Male",3.5,25,91.325,4.35216745827969,2.93822505829106,6.44653190587293,4.85115770199368,3.59975426317595
"Toy and Small","Female",4,25,6.5,3.2803828438141,2.54799814013596,4.22328079149055,3.92432415745066,3.2077050024487
"Medium","Female",4,25,21,2.3587715746216,1.56354759912105,3.55844832889676,3.00767409083854,2.06460440988952
"Standard","Female",4,25,42.2,2.62041594986253,1.93052157573185,3.55685211531026,3.2824344139241,2.5247456907305
"Large","Female",4,25,54.1,2.74075150775909,1.98600985371634,3.78231699768626,3.40454893468913,2.59008148183877
"Giant","Female",4,25,80.35,1.87261824146093,1.22614970740439,2.8599273458014,2.45553779053599,1.56972045203058
"Toy and Small","Male",4,25,7.8,7.31663221372256,5.76354674220817,9.28822291989821,6.95176775541385,5.91875611662391
"Medium","Male",4,25,25.2,5.06272392405572,3.40510950541529,7.52726850353677,5.40680585674124,4.03875215570802
"Standard","Male",4,25,53.1,5.81507931185788,4.40879332787003,7.66993253900932,5.95515063485053,4.896960247184
"Large","Male",4,25,64.55,6.30597487170825,4.77233027769261,8.33247423559338,6.29403741373081,5.18456576223614
"Giant","Male",4,25,90.65,4.35893179335204,2.92502503148263,6.49576881380205,4.85664393368272,3.58689626660427
"Toy and Small","Female",4.5,25,6.35,3.28488353157886,2.51522829007044,4.29005186472985,3.92848755102537,3.17356855121178
"Medium","Female",4.5,25,20.35,2.38255168575227,1.55767926868865,3.64423707074167,3.03321078423382,2.05675531707066
"Standard","Female",4.5,25,43.15,2.59812211830858,1.88654180671803,3.57810175083663,3.2595311225253,2.47227931881461
"Large","Female",4.5,25,54.1125,2.73262349061892,1.95731285660954,3.81504219740173,3.39637898554113,2.55640824495567
"Giant","Female",4.5,25,79.275,1.86605974894013,1.20415537986209,2.89180204220263,2.44762950835295,1.53264887115459
"Toy and Small","Male",4.5,25,7.8,7.2950903205592,5.66476035293171,9.3946326886669,6.93825672341712,5.84853257519919
"Medium","Male",4.5,25,24.71625,5.0885258458273,3.37685341847394,7.66781736571613,5.42624933121214,4.01299991679154
"Standard","Male",4.5,25,53.15,5.7973816291893,4.31974257546927,7.78047144413703,5.94266998708251,4.82480310194215
"Large","Male",4.5,25,65.675,6.28933577295726,4.70574723677833,8.40583704875759,6.28277334548411,5.13269637853009
"Giant","Male",4.5,25,91.6375,4.34833387849206,2.88190209321706,6.56094721723695,4.84804667173168,3.54470515266753
"Toy and Small","Female",5,25,6.2,3.27682591791087,2.46924320310835,4.34853402968797,3.92103194673171,3.12531808794624
"Medium","Female",5,25,19.7,2.39821290020756,1.54641088021251,3.71920890386622,3.04996408399447,2.04162926583626
"Standard","Female",5,25,44.1,2.56722032339454,1.83670607371062,3.58828246020617,3.22763484290467,2.41205491688197
"Large","Female",5,25,54.125,2.71410922677233,1.91908065436117,3.83849885522546,3.37772764435083,2.51115653408456
"Giant","Female",5,25,78.2,1.85241893172788,1.1778393632055,2.9133479537355,2.43113464446078,1.48688294375346
"Toy and Small","Male",5,25,7.8,7.24581917554774,5.53733532531588,9.48143690787597,6.90727560277739,5.75704598186678
"Medium","Male",5,25,24.2325,5.09581626200987,3.33701328247812,7.78161223166619,5.4317344403713,3.97652150758825
"Standard","Male",5,25,53.2,5.75765739602975,4.21560776122963,7.86378158683021,5.91458648759779,4.73952395621171
"Large","Male",5,25,66.8,6.2494126547968,4.6146399279229,8.46331656206025,6.25568508759715,5.06114747372604
"Giant","Male",5,25,92.625,4.32118702039309,2.82771684247929,6.60343956109903,4.82597912214785,3.49128035690404
"Toy and Small","Female",5.5,25,6.32,3.23243119847514,2.41510086488714,4.32636649043794,3.87980268966379,3.06797279489122
"Medium","Female",5.5,25,20.625,2.32955571529659,1.4956207895366,3.62847980493267,2.97613507309934,1.97251979052039
"Standard","Female",5.5,25,43.9,2.54390174951482,1.800235834695,3.59477129966193,3.20344887748302,2.36743338347088
"Large","Female",5.5,25,53.5625,2.68931205416168,1.88288845507766,3.84111937441402,3.35265550613874,2.4678927943836
"Giant","Female",5.5,25,77.9,1.83336348253135,1.15510787290869,2.90987685038935,2.40798498886538,1.44586442905129
"Toy and Small","Male",5.5,25,7.9,7.15191219600265,5.41378138032824,9.44808156553788,6.84792295326402,5.66733826590672
"Medium","Male",5.5,25,24.44125,5.02623929254659,3.26805900503984,7.73030149914055,5.37922973692816,3.91291049531934
"Standard","Male",5.5,25,53.85,5.69237389616385,4.12239180510723,7.86027192601716,5.86822297140115,4.66233948763723
"Large","Male",5.5,25,66.2,6.18467358749237,4.51618003279258,8.469588702418,6.21157207286329,4.98305965352786
"Giant","Male",5.5,25,91.7125,4.27537179883239,2.76902940867354,6.60115922243219,4.78858671408852,3.43288684652997
"Toy and Small","Female",6,25,6.44,3.1790295146128,2.36971190631008,4.26474991659045,3.82986392677244,3.01943738951578
"Medium","Female",6,25,21.55,2.25763003725066,1.45005916555409,3.51495546262682,2.89769027994263,1.90910757992761
"Standard","Female",6,25,43.7,2.51324106752514,1.76994122515111,3.56869514859491,3.17149188736337,2.32999648707486
"Large","Female",6,25,53,2.65694498774053,1.8516434905914,3.81248156232538,3.31976985833078,2.43019504931295
"Giant","Female",6,25,77.6,1.8090348726724,1.13474196471926,2.88400999724596,2.37824295300584,1.40767760352468
"Toy and Small","Male",6,25,8,7.03795888167672,5.31193906347665,9.32481804257617,6.77535426727817,5.59263289546972
"Medium","Male",6,25,24.65,4.9428327959286,3.20796419895828,7.61591917280153,5.31582106689333,3.85696949418425
"Standard","Male",6,25,54.5,5.61152036838589,4.04545016300187,7.7838459444631,5.81043363140205,4.59800993994539
"Large","Male",6,25,65.6,6.10231568385447,4.432572081813,8.40104932714036,6.15511506348354,4.91611062648339
"Giant","Male",6,25,90.8,4.21729236629063,2.71666749275667,6.54682803478675,4.74091139905971,3.38030830638005
"Toy and Small","Female",0.5,50,7.6,2.07282174158741,1.56128498804397,2.75195752556386,2.69050016903507,2.06158035510818
"Medium","Female",0.5,50,21.1,1.5353106272996,1.01840205068828,2.31458560075169,2.02665775265569,1.12621554613997
"Standard","Female",0.5,50,36.55,1.78310416653894,1.34043697110988,2.37195820262698,2.34630515961538,1.74984803757893
"Large","Female",0.5,50,43.1,1.85844097936209,1.36981250056291,2.52136907230226,2.43842449096319,1.79358186054209
"Giant","Female",0.5,50,60.1,1.21230191912616,0.78701415509811,1.86740725512588,1.54649495754341,1
"Toy and Small","Male",0.5,50,9.05,4.60486016165439,3.47984056520792,6.0935944365959,5.0534270861515,4.10639184973038
"Medium","Male",0.5,50,23.175,3.41873815872184,2.27256487827822,5.14298654776178,4.05113804973283,2.9140743982621
"Standard","Male",0.5,50,42.7,3.94488320529732,2.96824749330827,5.24285914113318,4.51305653687375,3.62890105453762
"Large","Male",0.5,50,50.8,4.16850437209007,3.12056679192949,5.56835660274072,4.70062311533095,3.77475063128905
"Giant","Male",0.5,50,70.2725,2.81277651169206,1.86018878977206,4.25317674648282,3.47646775303508,2.44053794231992
"Toy and Small","Female",1,50,8.2,2.57152262063641,2.01773391612012,3.27730457203211,3.23208612264203,2.62702489696193
"Medium","Female",1,50,24.4,1.82405646511166,1.2318954220355,2.70086399251167,2.39663201776624,1.57924920561761
"Standard","Female",1,50,44.8,2.12608772654733,1.62965426645428,2.77374723830847,2.75109703307523,2.15176401983993
"Large","Female",1,50,51.8,2.26650125623607,1.68274960360835,3.05275837445112,2.90742850452447,2.22022265257506
"Giant","Female",1,50,76,1.53783697816957,1.02934882688437,2.29751325270747,2.0300714795101,1.16399721383359
"Toy and Small","Male",1,50,10.2,5.62673389728926,4.41483806834929,7.17130138427516,5.82133879817073,4.90183306457196
"Medium","Male",1,50,27.1,4.04440728377474,2.7310886253406,5.98927113725952,4.59713408134254,3.39483495619742
"Standard","Male",1,50,54.6,4.77349486236112,3.69713178430916,6.1632245022193,5.1854698846852,4.2993521840568
"Large","Male",1,50,64.6,5.19041443657386,3.98509316007057,6.76029416158424,5.50256340469304,4.54714390699374
"Giant","Male",1,50,94.8,3.59553670891217,2.46588482210991,5.24269589123524,4.20980403500998,3.12177806992534
"Toy and Small","Female",1.5,50,8.45,2.82736068767902,2.23394877168724,3.57840276354913,3.49092766301072,2.87160566178017
"Medium","Female",1.5,50,24.8,2.00628670041864,1.36037504252526,2.95887986654384,2.61372788756702,1.77962499199287
"Standard","Female",1.5,50,47.3,2.32835265370205,1.78808626856202,3.03185935450482,2.97483239494375,2.35246080018209
"Large","Female",1.5,50,56.1,2.49077885432133,1.85178060292617,3.35027772260428,3.14796582541925,2.43036120215443
"Giant","Female",1.5,50,82.3,1.70852460211306,1.15459818280479,2.52820103088549,2.25300111053468,1.44492654599443
"Toy and Small","Male",1.5,50,10.5,6.17896728618593,4.90382686169747,7.7856820398712,6.20767264236444,5.28598931434271
"Medium","Male",1.5,50,28.55,4.38526987299088,2.98588803064268,6.44049330102384,4.87796711777588,3.64596439136512
"Standard","Male",1.5,50,57.6,5.26673095535272,4.11884501582427,6.73452262697471,5.55924551263243,4.65938654470051
"Large","Male",1.5,50,68.5,5.75604390460981,4.44359158334735,7.45614010881652,5.91344377230842,4.92496868734889
"Giant","Male",1.5,50,99.4,3.99107733924479,2.75567410646128,5.780327321901,4.55220312660464,3.41951975586618
"Toy and Small","Female",2,50,8.7,2.92310512626806,2.28703746831882,3.73607503050469,3.58502390626727,2.92990306903127
"Medium","Female",2,50,25.2,2.07522680495907,1.39991599724632,3.07630336426743,2.69325244819715,1.837551315915
"Standard","Female",2,50,49.8,2.40337561559564,1.8223002575507,3.1697379867593,3.05547564958491,2.39448629394516
"Large","Female",2,50,60.4,2.58520035654018,1.91004843238687,3.49900074266901,3.24621482069194,2.50039908064454
"Giant","Female",2,50,88.6,1.78483350344619,1.20427828075655,2.64526122070619,2.34844290015206,1.53285881389099
"Toy and Small","Male",2,50,10.8,6.38054956544112,5.0455648162398,8.06875230816894,6.3443374646906,5.39384860054797
"Medium","Male",2,50,30,4.4774893251475,3.04660876460825,6.58040208171845,4.95215214711464,3.70434969967844
"Standard","Male",2,50,60.6,5.47452866733935,4.24143256605871,7.0661182661145,5.71156945419856,4.76076464455763
"Large","Male",2,50,72.4,6.00546578574985,4.60138146645376,7.83799812442141,6.08823007573476,5.0506790264249
"Giant","Male",2,50,104,4.16564345951731,2.85397128179187,6.08015418463653,4.6982537438901,3.51722410599325
"Toy and Small","Female",2.5,50,8.75,2.99529877060818,2.30979919250115,3.88424013409225,3.65504840463834,2.95470258859891
"Medium","Female",2.5,50,25.8,2.10890396216678,1.40792932129331,3.15887726349596,2.73162962676223,1.8491220700538
"Standard","Female",2.5,50,50.35,2.46224527577169,1.83182739201811,3.30961957686461,3.11793916217373,2.40611333202269
"Large","Female",2.5,50,60.7,2.65256707422995,1.92835163220987,3.64877025837116,3.31530775536341,2.52217146420515
"Giant","Female",2.5,50,90.1,1.83294522353242,1.22062282351082,2.75243763082113,2.40747544155287,1.56049595069387
"Toy and Small","Male",2.5,50,11,6.51140088406627,5.0947383975512,8.3219859715266,6.43187834861681,5.4309237257339
"Medium","Male",2.5,50,30.1,4.58862585301528,3.09513665178074,6.80276497867914,5.04059397610804,3.7506303731359
"Standard","Male",2.5,50,60.825,5.61735134635573,4.27603417198224,7.37941627201188,5.81461505032349,4.78912866136323
"Large","Male",2.5,50,72.95,6.16429756233188,4.6516024748923,8.16891912885366,6.19763965224892,5.0902560644556
"Giant","Male",2.5,50,105.15,4.27715221854918,2.89154153843414,6.32673985743499,4.79004334615217,3.55416115417088
"Toy and Small","Female",3,50,8.8,3.0401396610334,2.3614128431163,3.9139488825644,3.69815483145488,3.01051636990129
"Medium","Female",3,50,26.4,2.12334499752683,1.41920299166677,3.17684926328062,2.74799492312965,1.86531054501818
"Standard","Female",3,50,50.9,2.49886091043672,1.85879584140926,3.35932850214172,3.15644188841045,2.43885367413067
"Large","Female",3,50,61,2.69589066218761,1.96538231082506,3.69791995299854,3.35931732855665,2.56590192150138
"Giant","Female",3,50,91.6,1.86448388572814,1.24119196511766,2.80077559139725,2.44572716023489,1.59454056713033
"Toy and Small","Male",3,50,11.2,6.58198005262648,5.20319497350631,8.32612685739486,6.47872424854193,5.51208411768628
"Medium","Male",3,50,30.2,4.65790899023546,3.14871359171742,6.89046987899668,5.09521145763486,3.80134319843919
"Standard","Male",3,50,61.05,5.70922746750896,4.35178603281093,7.49009212079866,5.8802174083806,4.85084822546762
"Large","Male",3,50,73.5,6.26726218271127,4.75218894667476,8.26536480506044,6.26780698455565,5.16891224636643
"Giant","Male",3,50,106.3,4.34995423834952,2.93839509488231,6.43960436385525,4.84936178629763,3.59991972184657
"Toy and Small","Female",3.5,50,8.9,3.05681806503445,2.40938341658218,3.87822735825751,3.71411401512673,3.06188248395818
"Medium","Female",3.5,50,25.8,2.16139803325125,1.44981223977063,3.22223894238983,2.79086324006227,1.90875994379878
"Standard","Female",3.5,50,50.45,2.52281966943415,1.88579194605241,3.37503779131474,3.18149465321242,2.47137933148985
"Large","Female",3.5,50,62.5,2.71787334998561,2.00374498397707,3.68651480384517,3.38152433491264,2.61077034009264
"Giant","Female",3.5,50,90.975,1.87942652019943,1.25378105664694,2.81727341955175,2.46373202777552,1.61501256845379
"Toy and Small","Male",3.5,50,11.245,6.62870354936586,5.32616192493454,8.24978875307392,6.509595157351,5.60310798384645
"Medium","Male",3.5,50,30.6,4.67284960144976,3.17382805364683,6.87986968061469,5.1069383302423,3.82497933813778
"Standard","Male",3.5,50,61.425,5.75642544886864,4.4169702715226,7.50207312057817,5.91371400598386,4.9035511305525
"Large","Male",3.5,50,74.25,6.32201597958345,4.84831480502257,8.24366561443249,6.30488240098863,5.24333496545538
"Giant","Male",3.5,50,106.925,4.3876718599753,2.97243199233554,6.47673837465745,4.87990872652488,3.63295281121302
"Toy and Small","Female",4,50,9,3.05397857282287,2.4121040532746,3.86665952930159,3.71139978143114,3.06478138236917
"Medium","Female",4,50,25.2,2.18666958847427,1.46032239258066,3.27429334334071,2.81913280865252,1.92351767081832
"Standard","Female",4,50,50,2.53092069182408,1.88184847229987,3.40386574296008,3.18994076190803,2.46664329632768
"Large","Female",4,50,64,2.72336187354695,2.01133337580494,3.68745429450302,3.38705604068693,2.61959469917991
"Giant","Female",4,50,90.35,1.88239662843996,1.2491149674674,2.83674214067459,2.46730192880035,1.60745520496653
"Toy and Small","Male",4,50,11.29,6.633155006063,5.3392894468167,8.24056192733488,6.51253048253959,5.61276416794738
"Medium","Male",4,50,31,4.6584063945643,3.1521679400285,6.88438895064752,5.0956021599849,3.80459930790109
"Standard","Male",4,50,61.8,5.76708966556687,4.40250347510021,7.55463871835584,5.92126346604453,4.89188646682574
"Large","Male",4,50,75,6.33654296793573,4.85897183453487,8.2634306498999,6.31469168825452,5.25154185169038
"Giant","Male",4,50,107.55,4.39746773812044,2.96363285569545,6.5250061156014,4.88782185010798,3.6244297827093
"Toy and Small","Female",4.5,50,8.9,3.05362844946394,2.37845705923406,3.92046039728729,3.71106502332965,3.02882218890679
"Medium","Female",4.5,50,25.5,2.1695891123262,1.43238533900635,3.28620852792987,2.80004328411391,1.8841107990868
"Standard","Female",4.5,50,51.1,2.51575133141853,1.84289027177703,3.43428193119241,3.17411500799626,2.41957446336094
"Large","Female",4.5,50,64.525,2.71561519054037,1.98333371232887,3.71826779187564,3.37924692646141,2.58695164252804
"Giant","Female",4.5,50,91.95,1.87841906132071,1.23218670008495,2.86357430224632,2.46252045457606,1.57973064872358
"Toy and Small","Male",4.5,50,11.345,6.60367327046281,5.23786358947813,8.32562740859195,6.49307117601234,5.53785263018736
"Medium","Male",4.5,50,30.25,4.6888464465919,3.13306403661552,7.01718213952212,5.11947431003123,3.78657125774617
"Standard","Male",4.5,50,62.15,5.74992729323461,4.31390642154193,7.66397335658175,5.90911038323183,4.82004959714897
"Large","Male",4.5,50,75.3,6.31887390808186,4.77985783994309,8.35342154584101,6.30275922636359,5.19040789151212
"Giant","Male",4.5,50,107.575,4.38457764345,2.91618807557362,6.59234610842446,4.87740747108811,3.57827349605073
"Toy and Small","Female",5,50,8.8,3.04162059339095,2.33192784621767,3.96729935239873,3.69957351519273,2.97870270045213
"Medium","Female",5,50,25.8,2.14455985636927,1.39984227133096,3.28546799288877,2.77193950459506,1.83744460812365
"Standard","Female",5,50,52.2,2.49208428509116,1.79771604239267,3.45465242426857,3.14933575548025,2.36433259926951
"Large","Female",5,50,65.05,2.69761787769043,1.94513547173577,3.74120071315196,3.36106515928241,2.54204413080893
"Giant","Female",5,50,93.55,1.86728757294178,1.21018752997483,2.88117568038014,2.44911112974592,1.54291476477468
"Toy and Small","Male",5,50,11.4,6.54921211196857,5.10932134262375,8.39488777692141,6.45700707869472,5.44188519687118
"Medium","Male",5,50,29.5,4.70320680411057,3.10311460913699,7.12837166152359,5.13071036930707,3.75820710103542
"Standard","Male",5,50,62.5,5.71100793289981,4.20961856001664,7.74787813780346,5.88148350946301,4.73458912315575
"Large","Male",5,50,75.6,6.27717684740411,4.67612471250727,8.42641109810326,6.27453263593931,5.10950655671101
"Giant","Male",5,50,107.6,4.35502084698001,2.85742072255628,6.63752678347734,4.85347244317653,3.5206246201608
"Toy and Small","Female",5.5,50,9,2.99377718918323,2.27511143487073,3.9394562046949,3.65358053335824,2.91686300084698
"Medium","Female",5.5,50,25.9,2.1194495763734,1.37376238157994,3.26990065168558,2.74358575462144,1.79939806723968
"Standard","Female",5.5,50,51.1,2.47344212023518,1.76366739003318,3.46886037397243,3.12974097322199,2.32219996466789
"Large","Female",5.5,50,63.425,2.66947722228594,1.90344617863568,3.74379308450485,3.33252451806453,2.49251922827094
"Giant","Female",5.5,50,93.925,1.84872898436407,1.18778282542842,2.87746108502203,2.42666171734962,1.50437360870984
"Toy and Small","Male",5.5,50,11.465,6.47135213552168,4.99604787522374,8.38230527565662,6.40518126776382,5.35633653306204
"Medium","Male",5.5,50,30.1,4.61892850113511,3.02611673144992,7.05012476117408,5.06453050740613,3.68470567272149
"Standard","Male",5.5,50,62.65,5.65313590339589,4.11785392776396,7.76082544521368,5.84022925738168,4.65856118290218
"Large","Male",5.5,50,75.8,6.21422286254269,4.58150571045347,8.4287935508272,6.23173569437654,5.03495869976557
"Giant","Male",5.5,50,106.95,4.30943602739276,2.80204542974352,6.62774367505192,4.81640643367368,3.46580624602396
"Toy and Small","Female",6,50,9.2,2.93784001850047,2.22747878570136,3.87474126788834,3.59937957372918,2.86445631495997
"Medium","Female",6,50,26,2.0883351247966,1.35110984662048,3.22782311472877,2.70822592946834,1.76583797339625
"Standard","Female",6,50,50,2.44848949187867,1.73618774761537,3.45302563047943,3.10340612247588,2.28786923767089
"Large","Female",6,50,61.8,2.63448835917888,1.86725712774512,3.71696474551972,3.29684554823174,2.44907439752273
"Giant","Female",6,50,94.3,1.82483788907686,1.16781376219101,2.85151059974052,2.39758640336247,1.46897949698093
"Toy and Small","Male",6,50,11.53,6.37515826756986,4.90492940502214,8.2860811197304,6.34071112304119,5.28683411458061
"Medium","Male",6,50,30.7,4.52357195238915,2.95843982242678,6.91672112216782,4.98895019224611,3.61939428590158
"Standard","Male",6,50,62.8,5.57900001240623,4.04212338922563,7.70022043893904,5.7870735149925,4.59521559025296
"Large","Male",6,50,76,6.13335751952899,4.5018616310195,8.35611521312878,6.17643937998206,4.97163637873856
"Giant","Male",6,50,106.3,4.25147504445324,2.75262226257803,6.56648037013262,4.7690080031583,3.41646106810131
"Toy and Small","Female",0.5,75,10.3,1.92027730418689,1.45053191065833,2.54214671037583,2.51257980898334,1.90977301296228
"Medium","Female",0.5,75,28.3,1.36006477514506,0.897814905638773,2.06030906924441,1.77916467843287,1
"Standard","Female",0.5,75,43.25,1.69847428709641,1.27133293689499,2.26912622194254,2.24025395370754,1.64313619648915
"Large","Female",0.5,75,51,1.79948121001098,1.33322442896049,2.42879784891681,2.36650500944141,1.73897433778064
"Giant","Female",0.5,75,72.425,1.21624474152809,0.806945434714997,1.83314906765311,1.55314659674896,1
"Toy and Small","Male",0.5,75,12.3,4.20908810993541,3.18530834098741,5.56191766091558,4.734151896476,3.83575538448886
"Medium","Male",0.5,75,31.25,3.02877775628406,2.0037580730432,4.57814484711164,3.68725999967475,2.61078557533838
"Standard","Male",0.5,75,50.8,3.81293418282499,2.85857069260388,5.08592182805602,4.40004371015108,3.52175786288512
"Large","Male",0.5,75,60.5,4.11304058102548,3.10257957765812,5.45259272090347,4.65455137832105,3.75769925589838
"Giant","Male",0.5,75,84.6875,2.83397291118541,1.90278535791347,4.2208662306187,3.49747233130929,2.49172975982905
"Toy and Small","Female",1,75,11.2,2.36393586592106,1.87659697937614,2.97783319466159,3.01323001989358,2.4603283555542
"Medium","Female",1,75,32,1.63624837717982,1.10660349069817,2.41939301143398,2.16033766267936,1.35204191745203
"Standard","Female",1,75,52.3,2.07077940652142,1.59750390443594,2.68426721121992,2.68816175998342,2.10965613290523
"Large","Female",1,75,60.6,2.24196678198018,1.69545331618383,2.96464373481906,2.88045198163506,2.23641392170464
"Giant","Female",1,75,91,1.54989804196711,1.05952198928238,2.26723368159683,2.04631792765124,1.24719039123829
"Toy and Small","Male",1,75,13.8,5.10629424614869,4.04003772177917,6.45395977064504,5.43961109387478,4.59346316763352
"Medium","Male",1,75,36,3.63251024174419,2.45911206501318,5.36581103566166,4.24252711803856,3.11463222289936
"Standard","Male",1,75,63.4,4.74675465313573,3.68586853553389,6.11299060719267,5.16468333313141,4.28948110798776
"Large","Male",1,75,74.8,5.21497363449435,4.04468471928761,6.72387389770672,5.52084836905574,4.5973670949598
"Giant","Male",1,75,110,3.62411353682972,2.47221437909034,5.31272653331351,4.23510924996388,3.12844810417281
"Toy and Small","Female",1.5,75,11.5,2.59630969378711,2.07745100648113,3.24475715914515,3.25766519511981,2.69579636925614
"Medium","Female",1.5,75,32.55,1.80042689893666,1.22464872446228,2.64691168468572,2.36766840624003,1.56722105332505
"Standard","Female",1.5,75,54.5125,2.28339971937594,1.76772282734872,2.94950893758955,2.92592891010894,2.32724140922613
"Large","Female",1.5,75,64.4,2.48237984953741,1.87797093876087,3.28131260724161,3.13914390098064,2.46198143254645
"Giant","Female",1.5,75,96.9,1.72156566090688,1.18142289877571,2.5086599623937,2.26947812519266,1.49321583059871
"Toy and Small","Male",1.5,75,14.1,5.61101820754395,4.49446080288939,7.00496159742892,5.81007342893589,4.96572517764654
"Medium","Male",1.5,75,37.8,3.95913360532255,2.70489323770795,5.7949565943226,4.52515559550237,3.36842174296392
"Standard","Male",1.5,75,66.25,5.25994440245778,4.12562650199722,6.7061366567122,5.55422134590379,4.66503155109042
"Large","Male",1.5,75,78.1,5.78474858317517,4.50361386313977,7.43032533149225,5.93374935179471,4.97303524576341
"Giant","Male",1.5,75,116.25,4.0262563496655,2.74912155243635,5.89669823033299,4.58187308793772,3.41295059936542
"Toy and Small","Female",2,75,11.8,2.68141195631348,2.11727735160206,3.39585651073087,3.34464561888859,2.74112534494871
"Medium","Female",2,75,33.1,1.86315709909089,1.25769201751923,2.76009891733267,2.44412484056283,1.62132009087391
"Standard","Female",2,75,56.725,2.3705977795032,1.80568831096218,3.11223913787812,3.02038879176817,2.37413505638471
"Large","Female",2,75,68.2,2.58828487753601,1.93352217837265,3.46477463885106,3.24939629248189,2.52830291140232
"Giant","Female",2,75,102.8,1.79808239422612,1.21765680322347,2.65518189350813,2.36478356682138,1.55552113720766
"Toy and Small","Male",2,75,14.4,5.79793100143885,4.60995627068385,7.29204398558406,5.94305769777024,5.05745105822239
"Medium","Male",2,75,39.6,4.06459984093327,2.76493938502386,5.97516602222807,4.61407395057667,3.42879634650616
"Standard","Male",2,75,69.1,5.48382185628264,4.23805939632634,7.0957717528713,5.71831458519452,4.75799371371033
"Large","Male",2,75,81.4,6.03368169109467,4.62785846831001,7.86655750143227,6.1077717865508,5.07157007223901
"Giant","Male",2,75,122.5,4.20597402262407,2.81114035371666,6.29289727764746,4.73158456688126,3.47484340396087
"Toy and Small","Female",2.5,75,11.9,2.74409626616528,2.13195332687617,3.53200242381272,3.4079077329804,2.7577247299427
"Medium","Female",2.5,75,34.3,1.88755521922922,1.25802069472405,2.83211931296647,2.47349532848258,1.62184907990019
"Standard","Female",2.5,75,57.3875,2.4310074090298,1.81454493763326,3.2569030946492,3.0848815763953,2.38499768067791
"Large","Female",2.5,75,69.15,2.6572145707686,1.95119716749263,3.61869594356698,3.32004451549278,2.54920000749749
"Giant","Female",2.5,75,103.4,1.84568590585362,1.2304178260445,2.76861761180587,2.42296938519877,1.57680456010978
"Toy and Small","Male",2.5,75,14.7,5.90468150112383,4.63384066427945,7.5240531895016,6.01804990754745,5.07628224586359
"Medium","Male",2.5,75,39.15,4.18499450156761,2.81972920537121,6.21129821430687,4.71426512472632,3.48336546191902
"Standard","Male",2.5,75,69.55,5.62852991017468,4.26932040841615,7.42046647219994,5.82262522678479,4.78363368592107
"Large","Male",2.5,75,82.6,6.19535669059277,4.67033540359634,8.21834862098269,6.218867541327,5.10496619887602
"Giant","Male",2.5,75,125.2,4.32205002617399,2.83266989416238,6.59452641031238,4.82668166460592,3.49618317848254
"Toy and Small","Female",3,75,12,2.78160189979624,2.17634392687389,3.55518676685627,3.44544355910678,2.80760117557518
"Medium","Female",3,75,35.5,1.89574733118046,1.26293666610639,2.84563592152062,2.48331280715083,1.6297411562309
"Standard","Female",3,75,58.05,2.46952523363019,1.8421435006564,3.31057535819721,3.12561527067657,2.41866715068471
"Large","Female",3,75,70.1,2.70214027108218,1.98985071569113,3.66940192398709,3.36563910705351,2.59456982023081
"Giant","Female",3,75,104,1.87656397045976,1.24858491690525,2.82038673345188,2.46028863319477,1.60659447703354
"Toy and Small","Male",3,75,15,5.95675052663789,4.71692304879213,7.52246251837559,6.0543820744658,5.14142707144412
"Medium","Male",3,75,38.7,4.26849553016318,2.88226090098483,6.32144511442303,4.78295827083603,3.54505739037659
"Standard","Male",3,75,70,5.72223260112552,4.3432189886373,7.53909623876857,5.88946092706734,4.84389380575431
"Large","Male",3,75,83.8,6.3009728242047,4.76515277347425,8.33179132311837,6.2906527944616,5.1789911771776
"Giant","Male",3,75,127.9,4.3991661350501,2.86165656192812,6.76274817224478,4.88919296547994,3.52479781823625
"Toy and Small","Female",3.5,75,12,2.80480749195102,2.2275978018177,3.53158234421189,3.46855217868525,2.86458791681009
"Medium","Female",3.5,75,35.2,1.91712968411024,1.2830352286575,2.86460273545438,2.50883511008173,1.66163575212001
"Standard","Female",3.5,75,58.225,2.48979792347148,1.86758772538685,3.31930522751687,3.14693621024252,2.44947324786588
"Large","Female",3.5,75,70.85,2.72574652594276,2.02677118423131,3.6657784467697,3.38945786685865,2.63749614722259
"Giant","Female",3.5,75,106.5375,1.8947216254999,1.26152772904453,2.84573216702576,2.48208479636575,1.62748304779378
"Toy and Small","Male",3.5,75,15.05,5.99898635074681,4.82993122748377,7.45100407054761,6.08373605088739,5.22915742648678
"Medium","Male",3.5,75,40.15,4.25773839378226,2.88697334391487,6.27935698405329,4.77414461022391,3.54968168994131
"Standard","Male",3.5,75,70.5,5.77146983738228,4.40753215953304,7.55748633887277,5.92436227980293,4.89594318741159
"Large","Male",3.5,75,84.4,6.35552460258067,4.85691509632454,8.31653264941265,6.32749176743391,5.24995865312657
"Giant","Male",3.5,75,128.8125,4.43797493567264,2.8893578824667,6.81660850986171,4.92045503493822,3.55202031540389
"Toy and Small","Female",4,75,12,2.81015459384399,2.23692131853627,3.53028458169905,3.47386455049183,2.87488704192499
"Medium","Female",4,75,34.9,1.92647930222469,1.28554276580299,2.88696930248129,2.51994911337934,1.66557504713476
"Standard","Female",4,75,58.4,2.49423005188528,1.86248260302793,3.34026397970835,3.15158682189541,2.44331004361386
"Large","Female",4,75,71.6,2.73200985842429,2.0318028993786,3.67352456717639,3.39576173715467,2.64331626518764
"Giant","Female",4,75,109.075,1.90084418760049,1.25680839821169,2.87490808517494,2.48940986894742,1.61989711389415
"Toy and Small","Male",4,75,15.1,6.00297219629972,4.84464831086581,7.43824378515255,6.0865008534539,5.24050941560722
"Medium","Male",4,75,41.6,4.2243442504205,2.85284407638762,6.25519091413396,4.74671650302344,3.51611248240164
"Standard","Male",4,75,71,5.78397859228622,4.39383625874384,7.61394061725676,5.9332053201129,4.88488931363578
"Large","Male",4,75,85,6.36963095558739,4.86452611491425,8.34042156459723,6.33699167594442,5.25581570733273
"Giant","Male",4,75,129.725,4.44854917529571,2.87818836214848,6.87571043830218,4.9289504541034,3.54105824743372
"Toy and Small","Female",4.5,75,12.1,2.79433149950825,2.19513609121197,3.55708630567545,3.45813081245479,2.82856876216755
"Medium","Female",4.5,75,35.525,1.90910983187683,1.25940100872094,2.89399510158435,2.49927970570021,1.6240687892358
"Standard","Female",4.5,75,58.675,2.48642464204341,1.82783794243549,3.38230614270056,3.14339408044696,2.40124847588891
"Large","Female",4.5,75,72.725,2.72556267283158,2.00380047501993,3.70730118898635,3.38927272385041,2.61083492951544
"Giant","Female",4.5,75,109.3375,1.89550677970435,1.23785558692866,2.90255663895325,2.48302484126471,1.58907025338756
"Toy and Small","Male",4.5,75,15.4,5.94118885083348,4.72427937851544,7.47155748700875,6.04354035757672,5.14716850849449
"Medium","Male",4.5,75,40.025,4.25708942041047,2.84412941922189,6.37200621423511,4.77361254949037,3.50751151959174
"Standard","Male",4.5,75,71.5,5.76845115627468,4.30671344127144,7.72631594743465,5.9222267973599,4.81418677574529
"Large","Male",4.5,75,85.375,6.35211774968116,4.78577577579226,8.43110956219732,6.32519582056347,5.19499768058091
"Giant","Male",4.5,75,128.1625,4.43184358613243,2.84693752737125,6.89907572017538,4.91552465399119,3.51028430337483
"Toy and Small","Female",5,75,12.2,2.76799658100595,2.14147790959481,3.57781186447556,3.43185415910226,2.7684681102572
"Medium","Female",5,75,36.15,1.88509255764222,1.22929533260473,2.89074061913868,2.47053975423923,1.57494474943194
"Standard","Female",5,75,58.95,2.46920930081385,1.78610827993669,3.41356380221345,3.12528236318039,2.35001801025593
"Large","Female",5,75,73.85,2.70874082656199,1.96494331266679,3.7340908606293,3.37230862931336,2.56538594762532
"Giant","Female",5,75,109.6,1.88296191098543,1.21392279709346,2.9207339764202,2.46798103521174,1.54923325499795
"Toy and Small","Male",5,75,15.7,5.85804056366312,4.58049195831844,7.49191125272069,5.985368776497,5.03415601943717
"Medium","Male",5,75,38.45,4.27902825542926,2.8270019376717,6.47685541589761,4.79157789620139,3.49057237863523
"Standard","Male",5,75,72,5.73098316133653,4.2030991461189,7.81427390925358,5.89567458209542,4.7292136525264
"Large","Male",5,75,85.75,6.31044780925328,4.68160309244511,8.50600761469324,6.29706285939223,5.11380057966484
"Giant","Male",5,75,126.6,4.39833012462437,2.80195113436075,6.90422743207179,4.88851808592479,3.46571247949357
"Toy and Small","Female",5.5,75,12.4,2.72528644124672,2.08825565866926,3.5566460246425,3.38899454351897,2.70813529439948
"Medium","Female",5.5,75,33.775,1.91049151664583,1.23920943544711,2.94540836340449,2.5009274048805,1.59129234686269
"Standard","Female",5.5,75,58.475,2.44493519947421,1.74947983393384,3.41684883339675,3.09964486009947,2.30451254692058
"Large","Female",5.5,75,72.8875,2.67995171528912,1.92605196611955,3.72894466121343,3.34316390286336,2.51944173505576
"Giant","Female",5.5,75,108.675,1.86298575019899,1.19180859824724,2.91214202561448,2.44391786426598,1.51138439588839
"Toy and Small","Male",5.5,75,15.75,5.79166439574024,4.48198673238352,7.48404189386049,5.93863405184114,4.95575135695823
"Medium","Male",5.5,75,39.225,4.21023408735887,2.76097042007685,6.42023215513667,4.73509644270718,3.42482427670996
"Standard","Male",5.5,75,71.875,5.67254671753643,4.11271825595478,7.82397048862836,5.85408962242395,4.65428278355489
"Large","Male",5.5,75,85.875,6.24691613091777,4.58664644787529,8.50816856939082,6.25398826178944,5.03902778496407
"Giant","Male",5.5,75,126.8,4.35421914690105,2.74841149343884,6.89824810604241,4.85282215643756,3.41223831196407
"Toy and Small","Female",6,75,12.6,2.67521313922991,2.0438309118475,3.50164257660584,3.33835309268596,2.65720016994504
"Medium","Female",6,75,31.4,1.93700016212316,1.25520430112543,2.98913063371522,2.53242255742515,1.61731074718987
"Standard","Female",6,75,58,2.41371134339874,1.71890277719353,3.3893728758551,3.06649327216433,2.26611940146694
"Large","Female",6,75,71.925,2.64347666782249,1.89219849826123,3.69304219390473,3.30603174989167,2.47906255927451
"Giant","Female",6,75,107.75,1.83766577583337,1.1717972859299,2.88191101329388,2.41322272265706,1.47612688125317
"Toy and Small","Male",6,75,15.8,5.70879407014156,4.40294312270401,7.4019420253761,5.87990918681393,4.89224122541516
"Medium","Male",6,75,40,4.13133945455754,2.70323567133867,6.31390221346537,4.66978370936339,3.36674646787823
"Standard","Male",6,75,71.75,5.59778258181475,4.03734842069451,7.76132415836389,5.80057367657596,4.59120293295087
"Large","Male",6,75,86,6.16538451893485,4.50573330898044,8.43635511905671,6.19838346239711,4.97472692529655
"Giant","Male",6,75,127,4.29755793074264,2.69946616278785,6.84172464270314,4.80671763483995,3.36293493785279
